Timestamp,Set Send Rates,Send Rates,Block Size,Latency,Throughput
2014/9/25 0:05,59.7,59.6,10.0,0.1,59.4
2014/9/25 0:05,59.7,59.7,15.0,0.18,53.7
2014/9/25 0:05,59.7,59.7,20.0,0.22,59.6
2014/9/25 0:05,59.7,59.8,25.0,0.27,59.6
2014/9/25 0:05,59.7,59.7,30.0,0.32,53.7
2014/9/25 0:05,59.7,59.9,35.0,0.35,54.1
2014/9/25 0:05,59.7,59.8,40.0,0.38,59.6
2014/9/25 0:05,59.7,59.7,45.0,0.46,53.7
2014/9/25 0:05,59.7,59.9,50.0,0.46,59.7
2014/9/25 0:05,59.7,59.8,55.0,0.54,53.6
2014/9/25 0:05,59.7,59.8,60.0,0.62,55.1
2014/9/25 0:05,59.7,59.7,65.0,0.65,54.4
2014/9/25 0:05,59.7,59.7,70.0,0.69,54.1
2014/9/25 0:05,59.7,59.7,75.0,0.75,54.3
2014/9/25 0:05,59.7,59.8,80.0,0.8,55.1
2014/9/25 0:05,59.7,59.5,85.0,0.84,56.2
2014/9/25 0:05,59.7,59.8,90.0,0.86,53.7
2014/9/25 0:05,59.7,59.8,95.0,0.93,55.6
2014/9/25 0:05,59.7,59.8,100.0,0.94,59.5
2014/9/25 0:05,59.7,59.6,105.0,1.03,55.8
2014/9/25 0:05,59.7,59.8,110.0,0.92,54.6
2014/9/25 0:05,59.7,59.8,115.0,0.93,54.9
2014/9/25 0:05,59.7,59.8,120.0,0.92,54.4
2014/9/25 0:05,59.7,59.7,125.0,0.92,54.5
2014/9/25 0:05,59.7,59.7,130.0,0.92,53.8
2014/9/25 0:05,59.7,59.8,135.0,0.94,54.9
2014/9/25 0:05,59.7,59.7,140.0,0.96,54.9
2014/9/25 0:05,59.7,59.8,145.0,0.92,54.4
2014/9/25 0:05,59.7,59.9,150.0,0.94,54.8
2014/9/25 0:05,59.7,59.8,155.0,0.93,54.8
2014/9/25 0:05,59.7,59.5,160.0,0.93,54.7
2014/9/25 0:05,59.7,59.8,165.0,0.93,54.5
2014/9/25 0:05,59.7,59.7,170.0,0.91,54.1
2014/9/25 0:05,59.7,59.8,175.0,0.93,54.6
2014/9/25 0:05,59.7,59.7,180.0,0.93,54.7
2014/9/25 0:05,59.7,59.9,185.0,0.91,54.6
2014/9/25 0:05,59.7,59.7,190.0,0.95,54.6
2014/9/25 0:05,59.7,59.7,195.0,0.94,54.7
2014/9/25 0:05,59.7,59.8,200.0,0.92,54.4
2014/9/25 0:05,59.7,59.8,205.0,0.93,54.8
2014/9/25 0:05,59.7,59.5,210.0,0.93,54.9
2014/9/25 0:05,59.7,59.7,215.0,0.94,54.7
2014/9/25 0:05,59.7,59.6,220.0,0.93,54.7
2014/9/25 0:05,59.7,59.8,225.0,0.93,54.8
2014/9/25 0:05,59.7,59.8,230.0,0.92,54.4
2014/9/25 0:05,59.7,59.8,235.0,0.92,54.6
2014/9/25 0:05,59.7,59.7,240.0,0.92,54.6
2014/9/25 0:05,59.7,59.8,245.0,0.91,54.6
2014/9/25 0:05,59.7,59.8,250.0,0.93,54.5
2014/9/25 0:05,59.7,59.7,255.0,0.92,54.5
2014/9/25 0:05,59.7,59.9,260.0,0.92,54.8
2014/9/25 0:05,59.7,59.8,265.0,0.94,54.9
2014/9/25 0:05,59.7,59.8,270.0,0.95,54.8
2014/9/25 0:05,59.7,59.8,275.0,0.92,54.3
2014/9/25 0:05,59.7,59.8,280.0,0.94,54.9
2014/9/25 0:05,59.7,59.8,285.0,0.92,54.8
2014/9/25 0:05,59.7,59.5,290.0,0.93,54.8
2014/9/25 0:05,59.7,59.8,295.0,0.92,54.2
2014/9/25 0:05,59.7,59.7,300.0,0.92,54.6
2014/9/25 0:05,59.7,59.6,305.0,0.93,54.9
2014/9/25 0:05,59.7,59.6,310.0,0.94,54.8
2014/9/25 0:05,59.7,59.7,315.0,0.93,54.5
2014/9/25 0:05,59.7,59.8,320.0,0.95,54.7
2014/9/25 0:05,59.7,59.9,325.0,0.95,54.8
2014/9/25 0:05,59.7,59.6,330.0,0.95,54.8
2014/9/25 0:05,59.7,59.7,335.0,0.95,54.8
2014/9/25 0:05,59.7,59.6,340.0,0.91,54.2
2014/9/25 0:05,59.7,59.9,345.0,0.94,54.9
2014/9/25 0:05,59.7,59.8,350.0,0.93,54.6
2014/9/25 0:05,59.7,59.7,355.0,0.94,54.7
2014/9/25 0:05,59.7,59.6,360.0,0.92,54.1
2014/9/25 0:05,59.7,59.8,365.0,0.93,54.8
2014/9/25 0:05,59.7,59.9,370.0,0.93,54.5
2014/9/25 0:05,59.7,59.8,375.0,0.93,54.5
2014/9/25 0:05,59.7,59.9,380.0,0.95,54.9
2014/9/25 0:05,59.7,59.6,385.0,0.92,54.0
2014/9/25 0:05,59.7,59.8,390.0,0.93,54.8
2014/9/25 0:05,59.7,59.9,395.0,0.95,54.8
2014/9/25 0:05,59.7,59.7,400.0,0.93,54.8
2014/9/25 0:10,64.2,64.0,10.0,0.12,63.8
2014/9/25 0:10,64.2,64.4,15.0,0.16,57.2
2014/9/25 0:10,64.2,64.1,20.0,0.19,63.9
2014/9/25 0:10,64.2,64.1,25.0,0.25,63.9
2014/9/25 0:10,64.2,64.3,30.0,0.31,57.1
2014/9/25 0:10,64.2,64.4,35.0,0.35,57.6
2014/9/25 0:10,64.2,64.3,40.0,0.37,64.1
2014/9/25 0:10,64.2,64.3,45.0,0.43,57.2
2014/9/25 0:10,64.2,64.1,50.0,0.46,63.9
2014/9/25 0:10,64.2,64.3,55.0,0.52,57.2
2014/9/25 0:10,64.2,64.1,60.0,0.6,58.6
2014/9/25 0:10,64.2,64.1,65.0,0.64,58.0
2014/9/25 0:10,64.2,64.5,70.0,0.64,57.7
2014/9/25 0:10,64.2,64.4,75.0,0.7,57.8
2014/9/25 0:10,64.2,64.4,80.0,0.74,58.6
2014/9/25 0:10,64.2,64.3,85.0,0.82,60.0
2014/9/25 0:10,64.2,64.2,90.0,0.82,57.3
2014/9/25 0:10,64.2,64.2,95.0,0.89,59.3
2014/9/25 0:10,64.2,64.4,100.0,0.89,63.9
2014/9/25 0:10,64.2,63.9,105.0,1.02,59.1
2014/9/25 0:10,64.2,64.1,110.0,0.88,61.2
2014/9/25 0:10,64.2,64.3,115.0,0.88,61.2
2014/9/25 0:10,64.2,64.4,120.0,0.88,61.2
2014/9/25 0:10,64.2,64.4,125.0,0.87,61.1
2014/9/25 0:10,64.2,64.1,130.0,0.89,60.9
2014/9/25 0:10,64.2,64.2,135.0,0.89,61.1
2014/9/25 0:10,64.2,64.2,140.0,0.87,60.8
2014/9/25 0:10,64.2,64.0,145.0,0.89,61.2
2014/9/25 0:10,64.2,64.4,150.0,0.9,61.0
2014/9/25 0:10,64.2,64.3,155.0,0.88,61.0
2014/9/25 0:10,64.2,64.3,160.0,0.88,60.8
2014/9/25 0:10,64.2,64.3,165.0,0.89,61.2
2014/9/25 0:10,64.2,64.3,170.0,0.88,61.2
2014/9/25 0:10,64.2,63.9,175.0,0.88,60.4
2014/9/25 0:10,64.2,64.3,180.0,0.88,61.0
2014/9/25 0:10,64.2,64.2,185.0,0.89,61.2
2014/9/25 0:10,64.2,64.4,190.0,0.87,60.9
2014/9/25 0:10,64.2,64.3,195.0,0.88,61.2
2014/9/25 0:10,64.2,64.4,200.0,0.88,61.0
2014/9/25 0:10,64.2,64.4,205.0,0.88,61.1
2014/9/25 0:10,64.2,64.4,210.0,0.88,61.0
2014/9/25 0:10,64.2,64.3,215.0,0.88,61.1
2014/9/25 0:10,64.2,64.3,220.0,0.88,61.2
2014/9/25 0:10,64.2,64.3,225.0,0.87,61.2
2014/9/25 0:10,64.2,64.4,230.0,0.87,61.3
2014/9/25 0:10,64.2,64.4,235.0,0.88,61.0
2014/9/25 0:10,64.2,64.5,240.0,0.89,61.1
2014/9/25 0:10,64.2,64.3,245.0,0.88,60.8
2014/9/25 0:10,64.2,64.2,250.0,0.88,61.2
2014/9/25 0:10,64.2,64.1,255.0,0.88,60.9
2014/9/25 0:10,64.2,64.2,260.0,0.88,60.8
2014/9/25 0:10,64.2,64.1,265.0,0.88,61.2
2014/9/25 0:10,64.2,64.4,270.0,0.89,61.2
2014/9/25 0:10,64.2,64.3,275.0,0.89,61.2
2014/9/25 0:10,64.2,64.4,280.0,0.89,61.0
2014/9/25 0:10,64.2,64.3,285.0,0.89,61.2
2014/9/25 0:10,64.2,64.3,290.0,0.87,60.8
2014/9/25 0:10,64.2,64.1,295.0,0.89,61.1
2014/9/25 0:10,64.2,64.1,300.0,0.88,61.2
2014/9/25 0:10,64.2,64.4,305.0,0.88,61.2
2014/9/25 0:10,64.2,64.2,310.0,0.88,60.8
2014/9/25 0:10,64.2,64.2,315.0,0.88,61.0
2014/9/25 0:10,64.2,64.2,320.0,0.89,60.9
2014/9/25 0:10,64.2,64.3,325.0,0.87,61.2
2014/9/25 0:10,64.2,64.3,330.0,0.88,61.3
2014/9/25 0:10,64.2,64.4,335.0,0.88,60.9
2014/9/25 0:10,64.2,64.2,340.0,0.88,61.2
2014/9/25 0:10,64.2,64.3,345.0,0.89,61.1
2014/9/25 0:10,64.2,64.2,350.0,0.89,61.1
2014/9/25 0:10,64.2,64.2,355.0,0.88,61.1
2014/9/25 0:10,64.2,64.3,360.0,0.87,61.0
2014/9/25 0:10,64.2,64.5,365.0,0.88,61.2
2014/9/25 0:10,64.2,64.1,370.0,0.88,61.1
2014/9/25 0:10,64.2,64.3,375.0,0.88,61.2
2014/9/25 0:10,64.2,64.2,380.0,0.89,60.6
2014/9/25 0:10,64.2,64.4,385.0,0.87,61.2
2014/9/25 0:10,64.2,64.2,390.0,0.88,60.9
2014/9/25 0:10,64.2,64.3,395.0,0.88,61.2
2014/9/25 0:10,64.2,64.3,400.0,0.88,60.9
2014/9/25 0:15,54.1,54.2,10.0,0.12,54.1
2014/9/25 0:15,54.1,54.2,15.0,0.19,49.1
2014/9/25 0:15,54.1,54.2,20.0,0.23,54.0
2014/9/25 0:15,54.1,54.2,25.0,0.26,54.1
2014/9/25 0:15,54.1,54.3,30.0,0.32,49.1
2014/9/25 0:15,54.1,54.2,35.0,0.41,49.6
2014/9/25 0:15,54.1,54.3,40.0,0.4,54.1
2014/9/25 0:15,54.1,54.2,45.0,0.49,49.2
2014/9/25 0:15,54.1,54.3,50.0,0.5,54.1
2014/9/25 0:15,54.1,54.1,55.0,0.59,49.2
2014/9/25 0:15,54.1,54.2,60.0,0.69,50.5
2014/9/25 0:15,54.1,54.1,65.0,0.71,49.8
2014/9/25 0:15,54.1,54.3,70.0,0.73,49.6
2014/9/25 0:15,54.1,54.2,75.0,0.79,49.8
2014/9/25 0:15,54.1,54.3,80.0,0.84,50.4
2014/9/25 0:15,54.1,54.3,85.0,0.92,51.5
2014/9/25 0:15,54.1,54.2,90.0,0.96,49.1
2014/9/25 0:15,54.1,54.3,95.0,0.99,50.9
2014/9/25 0:15,54.1,54.2,100.0,1.04,53.9
2014/9/25 0:15,54.1,54.1,105.0,1.11,51.1
2014/9/25 0:15,54.1,54.2,110.0,1.08,52.4
2014/9/25 0:15,54.1,54.2,115.0,1.09,49.3
2014/9/25 0:15,54.1,54.2,120.0,1.07,49.0
2014/9/25 0:15,54.1,54.3,125.0,1.09,52.5
2014/9/25 0:15,54.1,54.3,130.0,1.09,48.9
2014/9/25 0:15,54.1,54.3,135.0,1.09,48.9
2014/9/25 0:15,54.1,54.2,140.0,1.08,49.1
2014/9/25 0:15,54.1,54.2,145.0,1.06,53.8
2014/9/25 0:15,54.1,54.2,150.0,1.08,52.4
2014/9/25 0:15,54.1,54.2,155.0,1.08,49.0
2014/9/25 0:15,54.1,54.2,160.0,1.07,52.7
2014/9/25 0:15,54.1,54.2,165.0,1.09,52.8
2014/9/25 0:15,54.1,54.1,170.0,1.09,48.9
2014/9/25 0:15,54.1,54.2,175.0,1.08,53.1
2014/9/25 0:15,54.1,54.2,180.0,1.1,49.2
2014/9/25 0:15,54.1,54.3,185.0,1.09,49.1
2014/9/25 0:15,54.1,54.3,190.0,1.08,48.9
2014/9/25 0:15,54.1,54.2,195.0,1.08,53.0
2014/9/25 0:15,54.1,54.2,200.0,1.08,49.0
2014/9/25 0:15,54.1,54.2,205.0,1.07,48.8
2014/9/25 0:15,54.1,54.1,210.0,1.08,48.9
2014/9/25 0:15,54.1,54.0,215.0,1.1,49.3
2014/9/25 0:15,54.1,54.3,220.0,1.09,49.1
2014/9/25 0:15,54.1,54.2,225.0,1.09,48.9
2014/9/25 0:15,54.1,54.3,230.0,1.09,52.4
2014/9/25 0:15,54.1,54.2,235.0,1.07,52.9
2014/9/25 0:15,54.1,54.2,240.0,1.09,49.0
2014/9/25 0:15,54.1,54.2,245.0,1.06,48.9
2014/9/25 0:15,54.1,54.2,250.0,1.07,52.6
2014/9/25 0:15,54.1,54.2,255.0,1.08,49.0
2014/9/25 0:15,54.1,54.3,260.0,1.1,49.1
2014/9/25 0:15,54.1,54.3,265.0,1.09,49.1
2014/9/25 0:15,54.1,54.2,270.0,1.08,53.0
2014/9/25 0:15,54.1,54.3,275.0,1.09,48.8
2014/9/25 0:15,54.1,54.0,280.0,1.09,52.8
2014/9/25 0:15,54.1,54.0,285.0,1.1,49.1
2014/9/25 0:15,54.1,54.2,290.0,1.07,48.8
2014/9/25 0:15,54.1,54.1,295.0,1.08,52.7
2014/9/25 0:15,54.1,54.1,300.0,1.08,52.3
2014/9/25 0:15,54.1,54.2,305.0,1.09,48.9
2014/9/25 0:15,54.1,54.2,310.0,1.07,48.9
2014/9/25 0:15,54.1,54.1,315.0,1.07,52.8
2014/9/25 0:15,54.1,54.2,320.0,1.07,52.7
2014/9/25 0:15,54.1,54.3,325.0,1.09,49.1
2014/9/25 0:15,54.1,54.2,330.0,1.09,49.3
2014/9/25 0:15,54.1,54.2,335.0,1.07,52.9
2014/9/25 0:15,54.1,54.1,340.0,1.08,52.6
2014/9/25 0:15,54.1,54.2,345.0,1.08,49.1
2014/9/25 0:15,54.1,54.2,350.0,1.07,52.8
2014/9/25 0:15,54.1,54.1,355.0,1.09,49.1
2014/9/25 0:15,54.1,54.1,360.0,1.09,48.9
2014/9/25 0:15,54.1,54.2,365.0,1.07,53.0
2014/9/25 0:15,54.1,54.3,370.0,1.1,49.1
2014/9/25 0:15,54.1,54.3,375.0,1.1,49.1
2014/9/25 0:15,54.1,54.2,380.0,1.08,49.0
2014/9/25 0:15,54.1,54.0,385.0,1.1,49.3
2014/9/25 0:15,54.1,54.2,390.0,1.08,52.7
2014/9/25 0:15,54.1,54.3,395.0,1.09,48.9
2014/9/25 0:15,54.1,54.2,400.0,1.09,49.3
2014/9/25 0:20,49.3,49.5,10.0,0.12,49.3
2014/9/25 0:20,49.3,49.4,15.0,0.19,45.2
2014/9/25 0:20,49.3,49.3,20.0,0.24,49.2
2014/9/25 0:20,49.3,49.4,25.0,0.29,49.3
2014/9/25 0:20,49.3,49.4,30.0,0.36,45.1
2014/9/25 0:20,49.3,49.4,35.0,0.41,45.5
2014/9/25 0:20,49.3,49.3,40.0,0.46,49.2
2014/9/25 0:20,49.3,49.4,45.0,0.52,45.1
2014/9/25 0:20,49.3,49.4,50.0,0.57,49.2
2014/9/25 0:20,49.3,49.4,55.0,0.63,45.2
2014/9/25 0:20,49.3,49.4,60.0,0.73,46.3
2014/9/25 0:20,49.3,49.5,65.0,0.75,45.7
2014/9/25 0:20,49.3,49.4,70.0,0.82,45.5
2014/9/25 0:20,49.3,49.5,75.0,0.84,45.8
2014/9/25 0:20,49.3,49.4,80.0,0.92,46.4
2014/9/25 0:20,49.3,49.3,85.0,0.97,47.5
2014/9/25 0:20,49.3,49.4,90.0,1.04,45.2
2014/9/25 0:20,49.3,49.4,95.0,1.1,46.8
2014/9/25 0:20,49.3,49.3,100.0,1.12,44.8
2014/9/25 0:20,49.3,49.4,105.0,1.15,48.9
2014/9/25 0:20,49.3,49.4,110.0,1.13,48.9
2014/9/25 0:20,49.3,49.3,115.0,1.15,48.9
2014/9/25 0:20,49.3,49.3,120.0,1.18,48.7
2014/9/25 0:20,49.3,49.4,125.0,1.15,49.0
2014/9/25 0:20,49.3,49.4,130.0,1.15,48.9
2014/9/25 0:20,49.3,49.2,135.0,1.16,44.7
2014/9/25 0:20,49.3,49.3,140.0,1.16,48.8
2014/9/25 0:20,49.3,49.5,145.0,1.15,48.7
2014/9/25 0:20,49.3,49.5,150.0,1.18,48.8
2014/9/25 0:20,49.3,49.5,155.0,1.18,48.9
2014/9/25 0:20,49.3,49.5,160.0,1.16,48.9
2014/9/25 0:20,49.3,49.4,165.0,1.15,48.8
2014/9/25 0:20,49.3,49.4,170.0,1.15,48.9
2014/9/25 0:20,49.3,49.4,175.0,1.14,48.9
2014/9/25 0:20,49.3,49.5,180.0,1.17,48.9
2014/9/25 0:20,49.3,49.4,185.0,1.15,48.9
2014/9/25 0:20,49.3,49.4,190.0,1.14,49.0
2014/9/25 0:20,49.3,49.4,195.0,1.15,48.9
2014/9/25 0:20,49.3,49.4,200.0,1.14,49.0
2014/9/25 0:20,49.3,49.5,205.0,1.16,48.9
2014/9/25 0:20,49.3,49.5,210.0,1.16,48.9
2014/9/25 0:20,49.3,49.3,215.0,1.12,49.0
2014/9/25 0:20,49.3,49.4,220.0,1.15,49.0
2014/9/25 0:20,49.3,49.5,225.0,1.17,48.8
2014/9/25 0:20,49.3,49.2,230.0,1.14,48.7
2014/9/25 0:20,49.3,49.3,235.0,1.17,48.8
2014/9/25 0:20,49.3,49.4,240.0,1.15,48.9
2014/9/25 0:20,49.3,49.3,245.0,1.15,48.9
2014/9/25 0:20,49.3,49.3,250.0,1.15,48.9
2014/9/25 0:20,49.3,49.4,255.0,1.16,48.9
2014/9/25 0:20,49.3,49.4,260.0,1.14,49.0
2014/9/25 0:20,49.3,49.5,265.0,1.17,48.8
2014/9/25 0:20,49.3,49.4,270.0,1.16,49.0
2014/9/25 0:20,49.3,49.4,275.0,1.15,48.9
2014/9/25 0:20,49.3,49.4,280.0,1.15,49.1
2014/9/25 0:20,49.3,49.2,285.0,1.16,44.7
2014/9/25 0:20,49.3,49.3,290.0,1.16,48.9
2014/9/25 0:20,49.3,49.5,295.0,1.15,49.0
2014/9/25 0:20,49.3,49.4,300.0,1.15,48.9
2014/9/25 0:20,49.3,49.5,305.0,1.14,48.8
2014/9/25 0:20,49.3,49.5,310.0,1.16,48.9
2014/9/25 0:20,49.3,49.3,315.0,1.15,44.9
2014/9/25 0:20,49.3,49.3,320.0,1.14,48.9
2014/9/25 0:20,49.3,49.4,325.0,1.14,49.1
2014/9/25 0:20,49.3,49.4,330.0,1.16,48.9
2014/9/25 0:20,49.3,49.4,335.0,1.16,48.9
2014/9/25 0:20,49.3,49.4,340.0,1.14,49.0
2014/9/25 0:20,49.3,49.3,345.0,1.15,49.0
2014/9/25 0:20,49.3,49.4,350.0,1.14,49.1
2014/9/25 0:20,49.3,49.3,355.0,1.15,48.9
2014/9/25 0:20,49.3,49.3,360.0,1.16,48.9
2014/9/25 0:20,49.3,49.3,365.0,1.16,48.9
2014/9/25 0:20,49.3,49.3,370.0,1.15,49.0
2014/9/25 0:20,49.3,49.4,375.0,1.15,49.0
2014/9/25 0:20,49.3,49.5,380.0,1.16,48.8
2014/9/25 0:20,49.3,49.3,385.0,1.15,48.9
2014/9/25 0:20,49.3,49.4,390.0,1.13,48.9
2014/9/25 0:20,49.3,49.5,395.0,1.15,48.9
2014/9/25 0:20,49.3,49.4,400.0,1.17,48.9
2014/9/25 0:25,45.0,45.0,10.0,0.14,44.8
2014/9/25 0:25,45.0,45.1,15.0,0.22,41.5
2014/9/25 0:25,45.0,45.0,20.0,0.26,45.0
2014/9/25 0:25,45.0,45.1,25.0,0.33,45.0
2014/9/25 0:25,45.0,45.1,30.0,0.37,41.6
2014/9/25 0:25,45.0,45.1,35.0,0.45,42.0
2014/9/25 0:25,45.0,45.2,40.0,0.47,45.0
2014/9/25 0:25,45.0,45.2,45.0,0.55,41.5
2014/9/25 0:25,45.0,45.1,50.0,0.61,44.9
2014/9/25 0:25,45.0,44.9,55.0,0.68,41.5
2014/9/25 0:25,45.0,45.1,60.0,0.77,42.7
2014/9/25 0:25,45.0,45.1,65.0,0.81,42.1
2014/9/25 0:25,45.0,45.1,70.0,0.87,41.9
2014/9/25 0:25,45.0,45.2,75.0,0.9,42.1
2014/9/25 0:25,45.0,45.1,80.0,0.99,42.6
2014/9/25 0:25,45.0,45.1,85.0,1.04,43.7
2014/9/25 0:25,45.0,45.1,90.0,1.09,41.5
2014/9/25 0:25,45.0,45.1,95.0,1.13,44.3
2014/9/25 0:25,45.0,45.1,100.0,1.13,44.7
2014/9/25 0:25,45.0,45.0,105.0,1.14,44.4
2014/9/25 0:25,45.0,45.1,110.0,1.16,43.7
2014/9/25 0:25,45.0,45.1,115.0,1.14,44.2
2014/9/25 0:25,45.0,45.0,120.0,1.18,43.2
2014/9/25 0:25,45.0,45.1,125.0,1.17,43.6
2014/9/25 0:25,45.0,45.2,130.0,1.13,44.1
2014/9/25 0:25,45.0,45.1,135.0,1.15,43.9
2014/9/25 0:25,45.0,45.1,140.0,1.16,43.5
2014/9/25 0:25,45.0,45.1,145.0,1.15,44.3
2014/9/25 0:25,45.0,45.1,150.0,1.14,44.1
2014/9/25 0:25,45.0,45.1,155.0,1.14,44.3
2014/9/25 0:25,45.0,45.0,160.0,1.13,44.5
2014/9/25 0:25,45.0,45.1,165.0,1.13,44.5
2014/9/25 0:25,45.0,45.1,170.0,1.14,44.5
2014/9/25 0:25,45.0,45.0,175.0,1.13,44.3
2014/9/25 0:25,45.0,45.2,180.0,1.14,44.5
2014/9/25 0:25,45.0,45.2,185.0,1.16,43.9
2014/9/25 0:25,45.0,45.1,190.0,1.15,44.4
2014/9/25 0:25,45.0,45.1,195.0,1.16,43.5
2014/9/25 0:25,45.0,45.2,200.0,1.17,43.2
2014/9/25 0:25,45.0,45.1,205.0,1.15,43.7
2014/9/25 0:25,45.0,45.1,210.0,1.14,44.3
2014/9/25 0:25,45.0,45.1,215.0,1.14,44.3
2014/9/25 0:25,45.0,45.1,220.0,1.14,44.5
2014/9/25 0:25,45.0,45.1,225.0,1.15,43.9
2014/9/25 0:25,45.0,45.1,230.0,1.15,44.1
2014/9/25 0:25,45.0,45.1,235.0,1.13,44.4
2014/9/25 0:25,45.0,45.0,240.0,1.14,44.2
2014/9/25 0:25,45.0,45.0,245.0,1.15,44.3
2014/9/25 0:25,45.0,44.4,250.0,1.16,40.7
2014/9/25 0:25,45.0,45.2,255.0,1.15,43.6
2014/9/25 0:25,45.0,45.2,260.0,1.18,43.2
2014/9/25 0:25,45.0,45.2,265.0,1.17,43.5
2014/9/25 0:25,45.0,45.1,270.0,1.19,43.0
2014/9/25 0:25,45.0,45.1,275.0,1.18,43.5
2014/9/25 0:25,45.0,45.1,280.0,1.14,44.4
2014/9/25 0:25,45.0,45.0,285.0,1.16,43.3
2014/9/25 0:25,45.0,45.2,290.0,1.17,43.7
2014/9/25 0:25,45.0,45.1,295.0,1.17,43.8
2014/9/25 0:25,45.0,45.0,300.0,1.15,44.1
2014/9/25 0:25,45.0,45.0,305.0,1.12,44.5
2014/9/25 0:25,45.0,45.1,310.0,1.17,43.7
2014/9/25 0:25,45.0,45.1,315.0,1.14,44.4
2014/9/25 0:25,45.0,45.1,320.0,1.14,44.4
2014/9/25 0:25,45.0,45.0,325.0,1.13,44.2
2014/9/25 0:25,45.0,45.1,330.0,1.14,44.3
2014/9/25 0:25,45.0,45.1,335.0,1.14,44.3
2014/9/25 0:25,45.0,45.0,340.0,1.14,44.0
2014/9/25 0:25,45.0,45.1,345.0,1.14,44.5
2014/9/25 0:25,45.0,45.2,350.0,1.18,43.2
2014/9/25 0:25,45.0,45.2,355.0,1.16,43.5
2014/9/25 0:25,45.0,45.1,360.0,1.14,44.3
2014/9/25 0:25,45.0,45.0,365.0,1.15,44.0
2014/9/25 0:25,45.0,45.1,370.0,1.15,44.4
2014/9/25 0:25,45.0,45.1,375.0,1.15,44.2
2014/9/25 0:25,45.0,45.1,380.0,1.13,44.5
2014/9/25 0:25,45.0,45.2,385.0,1.15,43.5
2014/9/25 0:25,45.0,45.1,390.0,1.14,44.3
2014/9/25 0:25,45.0,45.2,395.0,1.18,43.2
2014/9/25 0:25,45.0,45.1,400.0,1.14,44.3
2014/9/25 0:30,40.6,40.7,10.0,0.13,40.6
2014/9/25 0:30,40.6,40.8,15.0,0.2,37.8
2014/9/25 0:30,40.6,40.7,20.0,0.25,40.6
2014/9/25 0:30,40.6,40.6,25.0,0.34,40.5
2014/9/25 0:30,40.6,40.7,30.0,0.4,37.8
2014/9/25 0:30,40.6,40.7,35.0,0.5,38.1
2014/9/25 0:30,40.6,40.7,40.0,0.53,40.6
2014/9/25 0:30,40.6,40.7,45.0,0.64,37.8
2014/9/25 0:30,40.6,40.7,50.0,0.66,40.6
2014/9/25 0:30,40.6,40.7,55.0,0.77,37.8
2014/9/25 0:30,40.6,40.8,60.0,0.8,38.9
2014/9/25 0:30,40.6,40.8,65.0,0.86,38.3
2014/9/25 0:30,40.6,40.7,70.0,0.95,38.1
2014/9/25 0:30,40.6,40.7,75.0,1.02,38.3
2014/9/25 0:30,40.6,40.7,80.0,1.08,38.8
2014/9/25 0:30,40.6,40.7,85.0,1.13,39.9
2014/9/25 0:30,40.6,40.7,90.0,1.13,37.6
2014/9/25 0:30,40.6,40.7,95.0,1.15,37.8
2014/9/25 0:30,40.6,40.7,100.0,1.13,37.8
2014/9/25 0:30,40.6,40.7,105.0,1.14,40.1
2014/9/25 0:30,40.6,40.7,110.0,1.14,40.5
2014/9/25 0:30,40.6,40.7,115.0,1.13,37.6
2014/9/25 0:30,40.6,40.7,120.0,1.14,40.3
2014/9/25 0:30,40.6,40.5,125.0,1.16,39.8
2014/9/25 0:30,40.6,40.6,130.0,1.13,40.4
2014/9/25 0:30,40.6,40.6,135.0,1.13,40.4
2014/9/25 0:30,40.6,40.7,140.0,1.14,37.7
2014/9/25 0:30,40.6,40.7,145.0,1.13,40.5
2014/9/25 0:30,40.6,40.8,150.0,1.15,40.0
2014/9/25 0:30,40.6,40.7,155.0,1.13,37.7
2014/9/25 0:30,40.6,40.7,160.0,1.16,39.8
2014/9/25 0:30,40.6,40.7,165.0,1.14,40.3
2014/9/25 0:30,40.6,40.8,170.0,1.16,39.8
2014/9/25 0:30,40.6,40.7,175.0,1.14,37.6
2014/9/25 0:30,40.6,40.7,180.0,1.14,37.6
2014/9/25 0:30,40.6,40.7,185.0,1.13,37.8
2014/9/25 0:30,40.6,40.7,190.0,1.14,40.4
2014/9/25 0:30,40.6,40.8,195.0,1.14,39.8
2014/9/25 0:30,40.6,40.7,200.0,1.14,37.6
2014/9/25 0:30,40.6,40.7,205.0,1.13,40.5
2014/9/25 0:30,40.6,40.7,210.0,1.14,40.3
2014/9/25 0:30,40.6,40.7,215.0,1.15,40.3
2014/9/25 0:30,40.6,40.6,220.0,1.12,37.5
2014/9/25 0:30,40.6,40.7,225.0,1.16,39.9
2014/9/25 0:30,40.6,40.7,230.0,1.14,37.7
2014/9/25 0:30,40.6,40.7,235.0,1.14,37.8
2014/9/25 0:30,40.6,40.8,240.0,1.17,39.8
2014/9/25 0:30,40.6,40.7,245.0,1.13,37.6
2014/9/25 0:30,40.6,40.6,250.0,1.15,40.0
2014/9/25 0:30,40.6,40.7,255.0,1.13,37.9
2014/9/25 0:30,40.6,40.8,260.0,1.16,40.0
2014/9/25 0:30,40.6,40.7,265.0,1.14,39.9
2014/9/25 0:30,40.6,40.7,270.0,1.15,40.2
2014/9/25 0:30,40.6,40.8,275.0,1.17,39.8
2014/9/25 0:30,40.6,40.7,280.0,1.13,40.5
2014/9/25 0:30,40.6,40.7,285.0,1.14,40.1
2014/9/25 0:30,40.6,40.7,290.0,1.13,37.6
2014/9/25 0:30,40.6,40.7,295.0,1.14,40.2
2014/9/25 0:30,40.6,40.7,300.0,1.13,37.8
2014/9/25 0:30,40.6,40.7,305.0,1.14,37.7
2014/9/25 0:30,40.6,40.7,310.0,1.15,40.1
2014/9/25 0:30,40.6,40.7,315.0,1.14,37.7
2014/9/25 0:30,40.6,40.8,320.0,1.15,39.8
2014/9/25 0:30,40.6,40.7,325.0,1.13,40.6
2014/9/25 0:30,40.6,40.5,330.0,1.16,39.7
2014/9/25 0:30,40.6,40.7,335.0,1.14,37.6
2014/9/25 0:30,40.6,40.7,340.0,1.13,37.6
2014/9/25 0:30,40.6,40.6,345.0,1.13,37.5
2014/9/25 0:30,40.6,40.7,350.0,1.14,37.8
2014/9/25 0:30,40.6,40.7,355.0,1.14,37.8
2014/9/25 0:30,40.6,40.7,360.0,1.14,37.7
2014/9/25 0:30,40.6,40.7,365.0,1.13,37.6
2014/9/25 0:30,40.6,40.6,370.0,1.15,40.0
2014/9/25 0:30,40.6,40.6,375.0,1.16,39.8
2014/9/25 0:30,40.6,40.5,380.0,1.13,40.1
2014/9/25 0:30,40.6,40.7,385.0,1.14,40.2
2014/9/25 0:30,40.6,40.8,390.0,1.18,39.8
2014/9/25 0:30,40.6,40.7,395.0,1.12,40.5
2014/9/25 0:30,40.6,40.8,400.0,1.16,39.9
2014/9/25 0:35,56.7,56.6,10.0,0.12,56.5
2014/9/25 0:35,56.7,56.8,15.0,0.18,51.2
2014/9/25 0:35,56.7,56.9,20.0,0.19,56.8
2014/9/25 0:35,56.7,56.7,25.0,0.27,56.6
2014/9/25 0:35,56.7,56.8,30.0,0.35,51.2
2014/9/25 0:35,56.7,56.7,35.0,0.38,51.7
2014/9/25 0:35,56.7,56.6,40.0,0.42,56.4
2014/9/25 0:35,56.7,56.7,45.0,0.47,51.3
2014/9/25 0:35,56.7,56.6,50.0,0.51,56.4
2014/9/25 0:35,56.7,56.9,55.0,0.56,51.1
2014/9/25 0:35,56.7,56.9,60.0,0.64,52.5
2014/9/25 0:35,56.7,56.6,65.0,0.69,51.9
2014/9/25 0:35,56.7,56.8,70.0,0.73,51.7
2014/9/25 0:35,56.7,56.9,75.0,0.78,51.9
2014/9/25 0:35,56.7,56.9,80.0,0.84,52.5
2014/9/25 0:35,56.7,56.6,85.0,0.91,53.8
2014/9/25 0:35,56.7,56.8,90.0,0.91,51.2
2014/9/25 0:35,56.7,56.7,95.0,1.01,53.1
2014/9/25 0:35,56.7,56.9,100.0,0.98,56.5
2014/9/25 0:35,56.7,56.8,105.0,1.07,53.3
2014/9/25 0:35,56.7,56.7,110.0,1.05,53.8
2014/9/25 0:35,56.7,56.8,115.0,1.03,54.2
2014/9/25 0:35,56.7,56.9,120.0,1.04,54.3
2014/9/25 0:35,56.7,56.6,125.0,1.03,53.3
2014/9/25 0:35,56.7,56.9,130.0,1.06,54.0
2014/9/25 0:35,56.7,56.8,135.0,1.04,54.3
2014/9/25 0:35,56.7,56.9,140.0,1.05,54.3
2014/9/25 0:35,56.7,57.0,145.0,1.07,54.2
2014/9/25 0:35,56.7,56.9,150.0,1.03,54.3
2014/9/25 0:35,56.7,56.8,155.0,1.04,54.4
2014/9/25 0:35,56.7,56.8,160.0,1.04,54.0
2014/9/25 0:35,56.7,56.7,165.0,1.03,54.2
2014/9/25 0:35,56.7,56.7,170.0,1.03,54.4
2014/9/25 0:35,56.7,56.8,175.0,1.06,54.0
2014/9/25 0:35,56.7,56.9,180.0,1.06,54.0
2014/9/25 0:35,56.7,56.9,185.0,1.03,54.3
2014/9/25 0:35,56.7,56.7,190.0,1.04,54.0
2014/9/25 0:35,56.7,56.8,195.0,1.04,53.8
2014/9/25 0:35,56.7,56.6,200.0,1.03,54.3
2014/9/25 0:35,56.7,56.8,205.0,1.02,54.2
2014/9/25 0:35,56.7,56.9,210.0,1.07,54.2
2014/9/25 0:35,56.7,56.8,215.0,1.02,53.7
2014/9/25 0:35,56.7,56.7,220.0,1.02,54.5
2014/9/25 0:35,56.7,56.8,225.0,1.03,54.2
2014/9/25 0:35,56.7,56.8,230.0,1.04,53.8
2014/9/25 0:35,56.7,56.7,235.0,1.06,53.7
2014/9/25 0:35,56.7,56.9,240.0,1.03,54.4
2014/9/25 0:35,56.7,56.7,245.0,1.02,53.6
2014/9/25 0:35,56.7,56.9,250.0,1.07,54.2
2014/9/25 0:35,56.7,56.7,255.0,1.04,54.3
2014/9/25 0:35,56.7,56.8,260.0,1.04,54.2
2014/9/25 0:35,56.7,56.9,265.0,1.05,54.2
2014/9/25 0:35,56.7,56.6,270.0,1.04,53.7
2014/9/25 0:35,56.7,56.9,275.0,1.03,54.2
2014/9/25 0:35,56.7,56.8,280.0,1.06,52.7
2014/9/25 0:35,56.7,56.7,285.0,1.04,54.5
2014/9/25 0:35,56.7,56.5,290.0,1.03,54.4
2014/9/25 0:35,56.7,56.7,295.0,1.05,53.9
2014/9/25 0:35,56.7,56.8,300.0,1.04,53.9
2014/9/25 0:35,56.7,56.8,305.0,1.03,54.2
2014/9/25 0:35,56.7,56.9,310.0,1.03,54.2
2014/9/25 0:35,56.7,56.9,315.0,1.04,53.8
2014/9/25 0:35,56.7,56.9,320.0,1.03,53.8
2014/9/25 0:35,56.7,56.5,325.0,1.03,54.4
2014/9/25 0:35,56.7,56.7,330.0,1.06,54.2
2014/9/25 0:35,56.7,56.9,335.0,1.06,54.2
2014/9/25 0:35,56.7,56.8,340.0,1.03,54.2
2014/9/25 0:35,56.7,56.8,345.0,1.04,54.3
2014/9/25 0:35,56.7,56.7,350.0,1.03,53.6
2014/9/25 0:35,56.7,56.9,355.0,1.04,54.3
2014/9/25 0:35,56.7,56.7,360.0,1.03,54.1
2014/9/25 0:35,56.7,56.6,365.0,1.03,53.9
2014/9/25 0:35,56.7,56.9,370.0,1.07,54.1
2014/9/25 0:35,56.7,56.9,375.0,1.04,54.2
2014/9/25 0:35,56.7,56.8,380.0,1.04,54.4
2014/9/25 0:35,56.7,56.8,385.0,1.04,53.5
2014/9/25 0:35,56.7,56.7,390.0,1.03,54.1
2014/9/25 0:35,56.7,57.0,395.0,1.04,54.3
2014/9/25 0:35,56.7,56.8,400.0,1.03,53.3
2014/9/25 0:40,54.0,54.0,10.0,0.14,53.9
2014/9/25 0:40,54.0,54.1,15.0,0.18,49.1
2014/9/25 0:40,54.0,54.2,20.0,0.2,54.1
2014/9/25 0:40,54.0,54.1,25.0,0.27,54.0
2014/9/25 0:40,54.0,54.1,30.0,0.33,49.0
2014/9/25 0:40,54.0,54.1,35.0,0.41,49.5
2014/9/25 0:40,54.0,54.1,40.0,0.44,54.0
2014/9/25 0:40,54.0,54.1,45.0,0.49,49.0
2014/9/25 0:40,54.0,54.1,50.0,0.52,53.9
2014/9/25 0:40,54.0,54.1,55.0,0.6,49.0
2014/9/25 0:40,54.0,54.0,60.0,0.69,50.3
2014/9/25 0:40,54.0,53.8,65.0,0.71,49.6
2014/9/25 0:40,54.0,54.0,70.0,0.76,49.5
2014/9/25 0:40,54.0,54.1,75.0,0.84,49.7
2014/9/25 0:40,54.0,54.2,80.0,0.85,50.3
2014/9/25 0:40,54.0,54.2,85.0,0.91,51.4
2014/9/25 0:40,54.0,54.2,90.0,0.94,49.0
2014/9/25 0:40,54.0,54.1,95.0,1.02,50.8
2014/9/25 0:40,54.0,54.1,100.0,1.04,53.8
2014/9/25 0:40,54.0,54.1,105.0,1.13,51.0
2014/9/25 0:40,54.0,54.1,110.0,1.09,52.8
2014/9/25 0:40,54.0,54.1,115.0,1.11,49.0
2014/9/25 0:40,54.0,54.1,120.0,1.09,49.1
2014/9/25 0:40,54.0,54.0,125.0,1.09,48.6
2014/9/25 0:40,54.0,54.1,130.0,1.08,52.5
2014/9/25 0:40,54.0,54.1,135.0,1.08,48.8
2014/9/25 0:40,54.0,54.2,140.0,1.11,49.0
2014/9/25 0:40,54.0,53.9,145.0,1.08,52.8
2014/9/25 0:40,54.0,53.9,150.0,1.1,49.1
2014/9/25 0:40,54.0,54.2,155.0,1.09,49.1
2014/9/25 0:40,54.0,54.0,160.0,1.11,49.1
2014/9/25 0:40,54.0,54.2,165.0,1.09,48.9
2014/9/25 0:40,54.0,54.1,170.0,1.1,49.1
2014/9/25 0:40,54.0,54.1,175.0,1.1,49.0
2014/9/25 0:40,54.0,54.1,180.0,1.09,53.0
2014/9/25 0:40,54.0,54.2,185.0,1.09,49.0
2014/9/25 0:40,54.0,54.0,190.0,1.1,52.5
2014/9/25 0:40,54.0,54.1,195.0,1.11,49.0
2014/9/25 0:40,54.0,54.0,200.0,1.09,49.0
2014/9/25 0:40,54.0,54.1,205.0,1.09,48.9
2014/9/25 0:40,54.0,54.2,210.0,1.11,49.0
2014/9/25 0:40,54.0,54.2,215.0,1.1,49.0
2014/9/25 0:40,54.0,54.1,220.0,1.11,49.3
2014/9/25 0:40,54.0,54.1,225.0,1.1,48.8
2014/9/25 0:40,54.0,54.1,230.0,1.1,49.2
2014/9/25 0:40,54.0,54.2,235.0,1.11,48.9
2014/9/25 0:40,54.0,54.2,240.0,1.1,49.0
2014/9/25 0:40,54.0,54.1,245.0,1.08,52.6
2014/9/25 0:40,54.0,54.3,250.0,1.11,49.0
2014/9/25 0:40,54.0,54.1,255.0,1.09,49.1
2014/9/25 0:40,54.0,54.1,260.0,1.1,49.0
2014/9/25 0:40,54.0,54.2,265.0,1.1,49.2
2014/9/25 0:40,54.0,54.2,270.0,1.1,49.0
2014/9/25 0:40,54.0,53.8,275.0,1.09,49.0
2014/9/25 0:40,54.0,54.2,280.0,1.11,49.4
2014/9/25 0:40,54.0,54.2,285.0,1.1,48.8
2014/9/25 0:40,54.0,54.1,290.0,1.09,49.0
2014/9/25 0:40,54.0,54.2,295.0,1.1,49.2
2014/9/25 0:40,54.0,54.2,300.0,1.11,48.9
2014/9/25 0:40,54.0,54.0,305.0,1.08,48.8
2014/9/25 0:40,54.0,54.1,310.0,1.1,49.0
2014/9/25 0:40,54.0,54.1,315.0,1.11,49.0
2014/9/25 0:40,54.0,54.0,320.0,1.08,52.4
2014/9/25 0:40,54.0,54.1,325.0,1.07,48.8
2014/9/25 0:40,54.0,54.1,330.0,1.09,52.8
2014/9/25 0:40,54.0,54.0,335.0,1.08,52.3
2014/9/25 0:40,54.0,54.2,340.0,1.09,48.9
2014/9/25 0:40,54.0,54.2,345.0,1.08,48.8
2014/9/25 0:40,54.0,54.1,350.0,1.08,52.7
2014/9/25 0:40,54.0,54.1,355.0,1.08,48.9
2014/9/25 0:40,54.0,54.1,360.0,1.1,49.2
2014/9/25 0:40,54.0,54.1,365.0,1.08,52.8
2014/9/25 0:40,54.0,53.8,370.0,1.12,48.8
2014/9/25 0:40,54.0,54.0,375.0,1.08,48.9
2014/9/25 0:40,54.0,54.2,380.0,1.11,49.0
2014/9/25 0:40,54.0,53.9,385.0,1.1,49.2
2014/9/25 0:40,54.0,54.1,390.0,1.1,49.2
2014/9/25 0:40,54.0,54.2,395.0,1.11,49.0
2014/9/25 0:40,54.0,54.0,400.0,1.11,49.0
2014/9/25 0:45,43.7,43.8,10.0,0.12,43.8
2014/9/25 0:45,43.7,43.8,15.0,0.21,40.5
2014/9/25 0:45,43.7,43.9,20.0,0.24,43.7
2014/9/25 0:45,43.7,43.7,25.0,0.33,43.6
2014/9/25 0:45,43.7,43.8,30.0,0.4,40.5
2014/9/25 0:45,43.7,43.8,35.0,0.47,40.8
2014/9/25 0:45,43.7,43.8,40.0,0.5,43.7
2014/9/25 0:45,43.7,43.9,45.0,0.56,40.4
2014/9/25 0:45,43.7,43.9,50.0,0.6,43.7
2014/9/25 0:45,43.7,43.8,55.0,0.71,40.5
2014/9/25 0:45,43.7,43.7,60.0,0.78,41.6
2014/9/25 0:45,43.7,43.8,65.0,0.83,41.0
2014/9/25 0:45,43.7,43.8,70.0,0.9,40.8
2014/9/25 0:45,43.7,43.8,75.0,0.94,41.0
2014/9/25 0:45,43.7,43.8,80.0,1.03,41.5
2014/9/25 0:45,43.7,43.7,85.0,1.07,42.6
2014/9/25 0:45,43.7,43.8,90.0,1.13,40.5
2014/9/25 0:45,43.7,43.9,95.0,1.16,40.5
2014/9/25 0:45,43.7,43.8,100.0,1.15,40.9
2014/9/25 0:45,43.7,43.9,105.0,1.15,40.2
2014/9/25 0:45,43.7,43.8,110.0,1.15,40.3
2014/9/25 0:45,43.7,43.8,115.0,1.15,40.4
2014/9/25 0:45,43.7,43.8,120.0,1.15,40.8
2014/9/25 0:45,43.7,43.8,125.0,1.15,40.9
2014/9/25 0:45,43.7,43.8,130.0,1.15,41.1
2014/9/25 0:45,43.7,43.9,135.0,1.16,40.5
2014/9/25 0:45,43.7,43.7,140.0,1.17,40.3
2014/9/25 0:45,43.7,43.8,145.0,1.16,40.7
2014/9/25 0:45,43.7,43.7,150.0,1.16,40.3
2014/9/25 0:45,43.7,43.9,155.0,1.16,40.5
2014/9/25 0:45,43.7,43.8,160.0,1.16,40.3
2014/9/25 0:45,43.7,43.8,165.0,1.16,40.7
2014/9/25 0:45,43.7,43.9,170.0,1.17,40.5
2014/9/25 0:45,43.7,43.9,175.0,1.17,40.5
2014/9/25 0:45,43.7,43.8,180.0,1.16,40.5
2014/9/25 0:45,43.7,43.7,185.0,1.15,40.4
2014/9/25 0:45,43.7,43.8,190.0,1.15,40.8
2014/9/25 0:45,43.7,43.9,195.0,1.17,40.3
2014/9/25 0:45,43.7,43.7,200.0,1.15,41.0
2014/9/25 0:45,43.7,43.9,205.0,1.16,43.6
2014/9/25 0:45,43.7,43.7,210.0,1.15,40.7
2014/9/25 0:45,43.7,43.7,215.0,1.15,40.9
2014/9/25 0:45,43.7,43.8,220.0,1.16,40.3
2014/9/25 0:45,43.7,43.8,225.0,1.15,40.6
2014/9/25 0:45,43.7,43.9,230.0,1.17,40.5
2014/9/25 0:45,43.7,43.7,235.0,1.16,40.5
2014/9/25 0:45,43.7,43.8,240.0,1.14,40.6
2014/9/25 0:45,43.7,43.8,245.0,1.15,40.9
2014/9/25 0:45,43.7,43.8,250.0,1.15,40.5
2014/9/25 0:45,43.7,43.8,255.0,1.16,40.5
2014/9/25 0:45,43.7,43.8,260.0,1.15,41.0
2014/9/25 0:45,43.7,43.7,265.0,1.17,40.5
2014/9/25 0:45,43.7,43.8,270.0,1.15,40.5
2014/9/25 0:45,43.7,43.8,275.0,1.15,40.2
2014/9/25 0:45,43.7,43.8,280.0,1.16,40.5
2014/9/25 0:45,43.7,43.8,285.0,1.16,40.4
2014/9/25 0:45,43.7,43.9,290.0,1.16,40.5
2014/9/25 0:45,43.7,43.8,295.0,1.15,40.8
2014/9/25 0:45,43.7,43.8,300.0,1.14,41.2
2014/9/25 0:45,43.7,43.9,305.0,1.16,40.5
2014/9/25 0:45,43.7,43.8,310.0,1.16,40.7
2014/9/25 0:45,43.7,43.9,315.0,1.16,40.5
2014/9/25 0:45,43.7,43.8,320.0,1.15,40.7
2014/9/25 0:45,43.7,43.9,325.0,1.17,40.4
2014/9/25 0:45,43.7,43.8,330.0,1.15,40.8
2014/9/25 0:45,43.7,43.8,335.0,1.15,40.5
2014/9/25 0:45,43.7,43.8,340.0,1.15,40.8
2014/9/25 0:45,43.7,43.7,345.0,1.15,40.6
2014/9/25 0:45,43.7,43.8,350.0,1.15,41.0
2014/9/25 0:45,43.7,43.9,355.0,1.17,40.5
2014/9/25 0:45,43.7,43.9,360.0,1.16,40.5
2014/9/25 0:45,43.7,43.8,365.0,1.15,40.5
2014/9/25 0:45,43.7,43.9,370.0,1.17,40.5
2014/9/25 0:45,43.7,43.8,375.0,1.17,40.3
2014/9/25 0:45,43.7,43.7,380.0,1.16,40.1
2014/9/25 0:45,43.7,43.8,385.0,1.16,40.5
2014/9/25 0:45,43.7,43.9,390.0,1.16,40.4
2014/9/25 0:45,43.7,43.8,395.0,1.15,40.9
2014/9/25 0:45,43.7,43.8,400.0,1.15,40.5
2014/9/25 0:50,35.6,35.7,205.0,1.13,34.9
2014/9/25 0:50,35.6,35.8,210.0,1.18,33.9
2014/9/25 0:50,35.6,35.8,210.0,1.18,33.9
2014/9/25 0:50,35.6,35.6,215.0,1.12,34.7
2014/9/25 0:50,35.6,35.6,215.0,1.12,34.7
2014/9/25 0:50,35.6,35.7,220.0,1.15,34.4
2014/9/25 0:50,35.6,35.7,220.0,1.15,34.4
2014/9/25 0:50,35.6,35.8,225.0,1.17,34.0
2014/9/25 0:50,35.6,35.8,225.0,1.17,34.0
2014/9/25 0:50,35.6,35.7,230.0,1.13,34.8
2014/9/25 0:50,35.6,35.7,230.0,1.13,34.8
2014/9/25 0:50,35.6,35.7,235.0,1.16,33.9
2014/9/25 0:50,35.6,35.7,235.0,1.16,33.9
2014/9/25 0:50,35.6,35.7,240.0,1.13,34.9
2014/9/25 0:50,35.6,35.7,240.0,1.13,34.9
2014/9/25 0:50,35.6,35.7,245.0,1.14,34.6
2014/9/25 0:50,35.6,35.7,245.0,1.14,34.6
2014/9/25 0:50,35.6,35.7,250.0,1.14,34.5
2014/9/25 0:50,35.6,35.7,250.0,1.14,34.5
2014/9/25 0:50,35.6,35.7,255.0,1.14,34.3
2014/9/25 0:50,35.6,35.7,255.0,1.14,34.3
2014/9/25 0:50,35.6,35.7,260.0,1.14,34.4
2014/9/25 0:50,35.6,35.7,260.0,1.14,34.4
2014/9/25 0:50,35.6,35.7,265.0,1.14,34.8
2014/9/25 0:50,35.6,35.7,265.0,1.14,34.8
2014/9/25 0:50,35.6,35.7,270.0,1.14,34.5
2014/9/25 0:50,35.6,35.7,270.0,1.14,34.5
2014/9/25 0:50,35.6,35.7,275.0,1.13,34.7
2014/9/25 0:50,35.6,35.7,275.0,1.13,34.7
2014/9/25 0:50,35.6,35.7,280.0,1.14,34.3
2014/9/25 0:50,35.6,35.7,280.0,1.14,34.3
2014/9/25 0:50,35.6,35.7,285.0,1.12,34.6
2014/9/25 0:50,35.6,35.7,285.0,1.12,34.6
2014/9/25 0:50,35.6,35.7,290.0,1.13,34.8
2014/9/25 0:50,35.6,35.7,290.0,1.13,34.8
2014/9/25 0:50,35.6,35.8,295.0,1.16,33.8
2014/9/25 0:50,35.6,35.8,295.0,1.16,33.8
2014/9/25 0:50,35.6,35.7,300.0,1.14,34.4
2014/9/25 0:50,35.6,35.7,300.0,1.14,34.4
2014/9/25 0:50,35.6,35.7,305.0,1.16,34.1
2014/9/25 0:50,35.6,35.7,305.0,1.16,34.1
2014/9/25 0:50,35.6,35.7,310.0,1.13,34.4
2014/9/25 0:50,35.6,35.7,310.0,1.13,34.4
2014/9/25 0:50,35.6,35.7,315.0,1.12,34.9
2014/9/25 0:50,35.6,35.7,315.0,1.12,34.9
2014/9/25 0:50,35.6,35.7,320.0,1.15,34.4
2014/9/25 0:50,35.6,35.7,320.0,1.15,34.4
2014/9/25 0:50,35.6,35.7,325.0,1.13,34.5
2014/9/25 0:50,35.6,35.7,325.0,1.13,34.5
2014/9/25 0:50,35.6,35.7,330.0,1.13,34.9
2014/9/25 0:50,35.6,35.7,330.0,1.13,34.9
2014/9/25 0:50,35.6,35.6,335.0,1.12,35.2
2014/9/25 0:50,35.6,35.6,335.0,1.12,35.2
2014/9/25 0:50,35.6,35.7,340.0,1.15,34.4
2014/9/25 0:50,35.6,35.7,340.0,1.15,34.4
2014/9/25 0:50,35.6,35.6,345.0,1.14,34.8
2014/9/25 0:50,35.6,35.6,345.0,1.14,34.8
2014/9/25 0:50,35.6,35.7,350.0,1.12,34.9
2014/9/25 0:50,35.6,35.7,350.0,1.12,34.9
2014/9/25 0:50,35.6,35.7,355.0,1.15,34.1
2014/9/25 0:50,35.6,35.7,355.0,1.15,34.1
2014/9/25 0:50,35.6,35.7,360.0,1.15,33.8
2014/9/25 0:50,35.6,35.7,360.0,1.15,33.8
2014/9/25 0:50,35.6,35.7,365.0,1.15,34.2
2014/9/25 0:50,35.6,35.7,365.0,1.15,34.2
2014/9/25 0:50,35.6,35.7,370.0,1.14,34.4
2014/9/25 0:50,35.6,35.7,370.0,1.14,34.4
2014/9/25 0:50,35.6,35.7,375.0,1.14,34.9
2014/9/25 0:50,35.6,35.7,375.0,1.14,34.9
2014/9/25 0:50,35.6,35.6,380.0,1.14,34.6
2014/9/25 0:50,35.6,35.6,380.0,1.14,34.6
2014/9/25 0:50,35.6,35.7,385.0,1.18,33.9
2014/9/25 0:50,35.6,35.7,385.0,1.18,33.9
2014/9/25 0:50,35.6,35.7,390.0,1.13,34.4
2014/9/25 0:50,35.6,35.7,390.0,1.13,34.4
2014/9/25 0:50,35.6,35.7,395.0,1.15,34.3
2014/9/25 0:50,35.6,35.7,395.0,1.15,34.3
2014/9/25 0:50,35.6,35.7,400.0,1.14,34.9
2014/9/25 0:50,35.6,35.7,400.0,1.14,34.9
2014/9/25 0:55,41.6,41.6,10.0,0.14,41.6
2014/9/25 0:55,41.6,41.6,15.0,0.24,38.7
2014/9/25 0:55,41.6,41.7,20.0,0.26,41.6
2014/9/25 0:55,41.6,41.7,25.0,0.33,41.6
2014/9/25 0:55,41.6,41.7,30.0,0.41,38.7
2014/9/25 0:55,41.6,41.7,35.0,0.47,39.0
2014/9/25 0:55,41.6,41.6,40.0,0.54,41.5
2014/9/25 0:55,41.6,41.6,45.0,0.61,38.7
2014/9/25 0:55,41.6,41.7,50.0,0.65,41.6
2014/9/25 0:55,41.6,41.8,55.0,0.7,38.7
2014/9/25 0:55,41.6,41.7,60.0,0.8,39.8
2014/9/25 0:55,41.6,41.7,65.0,0.86,39.2
2014/9/25 0:55,41.6,41.6,70.0,0.92,39.0
2014/9/25 0:55,41.6,41.7,75.0,0.99,39.2
2014/9/25 0:55,41.6,41.7,80.0,1.05,39.8
2014/9/25 0:55,41.6,41.7,85.0,1.13,40.7
2014/9/25 0:55,41.6,41.7,90.0,1.14,40.5
2014/9/25 0:55,41.6,41.7,95.0,1.12,41.0
2014/9/25 0:55,41.6,41.7,100.0,1.13,40.7
2014/9/25 0:55,41.6,41.7,105.0,1.14,40.5
2014/9/25 0:55,41.6,41.7,110.0,1.13,40.7
2014/9/25 0:55,41.6,41.7,115.0,1.15,40.7
2014/9/25 0:55,41.6,41.7,120.0,1.14,40.5
2014/9/25 0:55,41.6,41.7,125.0,1.14,40.5
2014/9/25 0:55,41.6,41.7,130.0,1.13,40.6
2014/9/25 0:55,41.6,41.7,135.0,1.14,40.6
2014/9/25 0:55,41.6,41.7,140.0,1.14,40.6
2014/9/25 0:55,41.6,41.7,145.0,1.13,40.7
2014/9/25 0:55,41.6,41.7,150.0,1.13,40.6
2014/9/25 0:55,41.6,41.7,155.0,1.14,40.7
2014/9/25 0:55,41.6,41.7,160.0,1.13,40.6
2014/9/25 0:55,41.6,41.7,165.0,1.14,40.6
2014/9/25 0:55,41.6,41.8,170.0,1.17,40.5
2014/9/25 0:55,41.6,41.7,175.0,1.13,40.6
2014/9/25 0:55,41.6,41.7,180.0,1.15,40.7
2014/9/25 0:55,41.6,41.8,185.0,1.16,40.5
2014/9/25 0:55,41.6,41.7,190.0,1.13,40.6
2014/9/25 0:55,41.6,41.7,195.0,1.15,40.6
2014/9/25 0:55,41.6,41.7,200.0,1.14,40.6
2014/9/25 0:55,41.6,41.6,205.0,1.15,40.5
2014/9/25 0:55,41.6,41.7,210.0,1.14,40.5
2014/9/25 0:55,41.6,41.7,215.0,1.14,40.5
2014/9/25 0:55,41.6,41.7,220.0,1.15,40.5
2014/9/25 0:55,41.6,41.7,225.0,1.14,40.6
2014/9/25 0:55,41.6,41.7,230.0,1.12,40.6
2014/9/25 0:55,41.6,41.7,235.0,1.13,40.7
2014/9/25 0:55,41.6,41.7,240.0,1.14,40.6
2014/9/25 0:55,41.6,41.7,245.0,1.14,40.7
2014/9/25 0:55,41.6,41.7,250.0,1.14,40.6
2014/9/25 0:55,41.6,41.7,255.0,1.13,40.7
2014/9/25 0:55,41.6,41.7,260.0,1.13,40.6
2014/9/25 0:55,41.6,41.7,265.0,1.14,40.6
2014/9/25 0:55,41.6,41.7,270.0,1.14,40.7
2014/9/25 0:55,41.6,41.7,275.0,1.13,40.6
2014/9/25 0:55,41.6,41.6,280.0,1.13,40.6
2014/9/25 0:55,41.6,41.8,285.0,1.15,40.7
2014/9/25 0:55,41.6,41.7,290.0,1.12,40.7
2014/9/25 0:55,41.6,41.6,295.0,1.15,40.6
2014/9/25 0:55,41.6,41.7,300.0,1.15,40.7
2014/9/25 0:55,41.6,41.6,305.0,1.12,40.6
2014/9/25 0:55,41.6,41.7,310.0,1.15,40.6
2014/9/25 0:55,41.6,41.7,315.0,1.12,40.6
2014/9/25 0:55,41.6,41.7,320.0,1.13,40.7
2014/9/25 0:55,41.6,41.5,325.0,1.15,40.6
2014/9/25 0:55,41.6,41.7,330.0,1.13,40.7
2014/9/25 0:55,41.6,41.7,335.0,1.15,40.5
2014/9/25 0:55,41.6,41.7,340.0,1.13,40.7
2014/9/25 0:55,41.6,41.7,345.0,1.14,40.5
2014/9/25 0:55,41.6,41.7,350.0,1.12,40.9
2014/9/25 0:55,41.6,41.8,355.0,1.16,40.5
2014/9/25 0:55,41.6,41.7,360.0,1.14,40.6
2014/9/25 0:55,41.6,41.7,365.0,1.11,40.6
2014/9/25 0:55,41.6,41.7,370.0,1.13,40.6
2014/9/25 0:55,41.6,41.7,375.0,1.11,40.6
2014/9/25 0:55,41.6,41.8,380.0,1.16,40.5
2014/9/25 0:55,41.6,41.7,385.0,1.12,40.7
2014/9/25 0:55,41.6,41.7,390.0,1.13,40.8
2014/9/25 0:55,41.6,41.6,395.0,1.13,40.7
2014/9/25 0:55,41.6,41.8,400.0,1.15,40.7
2014/9/25 1:00,36.9,37.1,10.0,0.12,37.0
2014/9/25 1:00,36.9,37.0,15.0,0.21,34.7
2014/9/25 1:00,36.9,37.0,20.0,0.29,36.9
2014/9/25 1:00,36.9,37.0,25.0,0.34,37.0
2014/9/25 1:00,36.9,37.0,30.0,0.45,34.6
2014/9/25 1:00,36.9,37.0,35.0,0.55,34.9
2014/9/25 1:00,36.9,36.9,40.0,0.58,36.8
2014/9/25 1:00,36.9,37.0,45.0,0.64,34.6
2014/9/25 1:00,36.9,37.0,50.0,0.72,36.9
2014/9/25 1:00,36.9,37.0,55.0,0.78,34.6
2014/9/25 1:00,36.9,37.0,60.0,0.89,35.6
2014/9/25 1:00,36.9,37.0,65.0,0.96,35.1
2014/9/25 1:00,36.9,37.0,70.0,1.0,34.9
2014/9/25 1:00,36.9,36.9,75.0,1.08,35.0
2014/9/25 1:00,36.9,36.9,80.0,1.14,35.0
2014/9/25 1:00,36.9,37.0,85.0,1.16,34.9
2014/9/25 1:00,36.9,37.1,90.0,1.18,34.9
2014/9/25 1:00,36.9,36.9,95.0,1.13,35.0
2014/9/25 1:00,36.9,37.0,100.0,1.16,35.0
2014/9/25 1:00,36.9,37.0,105.0,1.17,34.9
2014/9/25 1:00,36.9,37.0,110.0,1.15,35.0
2014/9/25 1:00,36.9,37.1,115.0,1.18,35.0
2014/9/25 1:00,36.9,37.0,120.0,1.12,34.9
2014/9/25 1:00,36.9,37.0,125.0,1.16,34.9
2014/9/25 1:00,36.9,37.0,130.0,1.14,35.0
2014/9/25 1:00,36.9,37.0,135.0,1.15,34.9
2014/9/25 1:00,36.9,37.0,140.0,1.14,34.9
2014/9/25 1:00,36.9,37.0,145.0,1.14,34.9
2014/9/25 1:00,36.9,37.0,150.0,1.16,34.9
2014/9/25 1:00,36.9,37.0,155.0,1.15,35.0
2014/9/25 1:00,36.9,37.0,160.0,1.17,35.0
2014/9/25 1:00,36.9,37.0,165.0,1.17,34.9
2014/9/25 1:00,36.9,36.9,170.0,1.14,35.0
2014/9/25 1:00,36.9,37.0,175.0,1.16,35.0
2014/9/25 1:00,36.9,36.9,180.0,1.16,35.0
2014/9/25 1:00,36.9,37.0,185.0,1.15,34.8
2014/9/25 1:00,36.9,37.0,190.0,1.15,35.1
2014/9/25 1:00,36.9,37.0,195.0,1.13,35.1
2014/9/25 1:00,36.9,37.0,200.0,1.15,35.0
2014/9/25 1:00,36.9,37.1,205.0,1.17,34.8
2014/9/25 1:00,36.9,37.0,210.0,1.14,35.0
2014/9/25 1:00,36.9,37.0,215.0,1.13,34.9
2014/9/25 1:00,36.9,37.1,220.0,1.17,35.0
2014/9/25 1:00,36.9,37.0,225.0,1.12,35.0
2014/9/25 1:00,36.9,37.0,230.0,1.15,35.0
2014/9/25 1:00,36.9,37.0,235.0,1.14,35.0
2014/9/25 1:00,36.9,37.0,240.0,1.1,35.0
2014/9/25 1:00,36.9,37.0,245.0,1.17,35.0
2014/9/25 1:00,36.9,37.0,250.0,1.16,34.9
2014/9/25 1:00,36.9,37.1,255.0,1.17,34.9
2014/9/25 1:00,36.9,36.9,260.0,1.16,35.0
2014/9/25 1:00,36.9,37.1,265.0,1.17,35.0
2014/9/25 1:00,36.9,37.0,270.0,1.16,34.9
2014/9/25 1:00,36.9,37.0,275.0,1.16,34.9
2014/9/25 1:00,36.9,37.0,280.0,1.15,35.1
2014/9/25 1:00,36.9,37.0,285.0,1.15,34.9
2014/9/25 1:00,36.9,37.0,290.0,1.12,35.0
2014/9/25 1:00,36.9,37.0,295.0,1.16,34.9
2014/9/25 1:00,36.9,37.1,300.0,1.17,34.9
2014/9/25 1:00,36.9,37.0,305.0,1.16,34.9
2014/9/25 1:00,36.9,37.0,310.0,1.1,35.0
2014/9/25 1:00,36.9,37.0,315.0,1.16,34.9
2014/9/25 1:00,36.9,37.0,320.0,1.14,34.9
2014/9/25 1:00,36.9,37.0,325.0,1.14,35.0
2014/9/25 1:00,36.9,37.0,330.0,1.12,35.0
2014/9/25 1:00,36.9,37.0,335.0,1.15,34.9
2014/9/25 1:00,36.9,37.0,340.0,1.12,35.1
2014/9/25 1:00,36.9,37.0,345.0,1.15,34.9
2014/9/25 1:00,36.9,37.0,350.0,1.17,34.9
2014/9/25 1:00,36.9,37.1,355.0,1.17,34.9
2014/9/25 1:00,36.9,37.1,360.0,1.17,34.9
2014/9/25 1:00,36.9,37.0,365.0,1.14,34.9
2014/9/25 1:00,36.9,36.9,370.0,1.16,35.0
2014/9/25 1:00,36.9,37.0,375.0,1.14,35.0
2014/9/25 1:00,36.9,37.0,380.0,1.16,34.8
2014/9/25 1:00,36.9,37.0,385.0,1.1,35.0
2014/9/25 1:00,36.9,37.0,390.0,1.12,35.0
2014/9/25 1:00,36.9,37.0,395.0,1.14,35.0
2014/9/25 1:00,36.9,37.0,400.0,1.17,34.9
2014/9/25 1:05,37.3,37.4,10.0,0.15,37.3
2014/9/25 1:05,37.3,37.4,15.0,0.23,35.0
2014/9/25 1:05,37.3,37.4,20.0,0.29,37.3
2014/9/25 1:05,37.3,37.4,25.0,0.35,37.3
2014/9/25 1:05,37.3,37.4,30.0,0.44,35.0
2014/9/25 1:05,37.3,37.4,35.0,0.54,35.3
2014/9/25 1:05,37.3,37.3,40.0,0.56,37.2
2014/9/25 1:05,37.3,37.4,45.0,0.65,35.0
2014/9/25 1:05,37.3,37.3,50.0,0.72,37.2
2014/9/25 1:05,37.3,37.4,55.0,0.77,34.9
2014/9/25 1:05,37.3,37.4,60.0,0.91,35.9
2014/9/25 1:05,37.3,37.4,65.0,0.95,35.4
2014/9/25 1:05,37.3,37.5,70.0,0.98,35.2
2014/9/25 1:05,37.3,37.4,75.0,1.09,35.5
2014/9/25 1:05,37.3,37.4,80.0,1.15,35.4
2014/9/25 1:05,37.3,37.4,85.0,1.15,35.2
2014/9/25 1:05,37.3,37.4,90.0,1.14,35.2
2014/9/25 1:05,37.3,37.4,95.0,1.13,34.9
2014/9/25 1:05,37.3,37.4,100.0,1.15,35.1
2014/9/25 1:05,37.3,37.4,105.0,1.14,35.1
2014/9/25 1:05,37.3,37.4,110.0,1.15,35.2
2014/9/25 1:05,37.3,37.4,115.0,1.15,35.4
2014/9/25 1:05,37.3,37.4,120.0,1.15,36.6
2014/9/25 1:05,37.3,37.4,125.0,1.15,35.1
2014/9/25 1:05,37.3,37.4,130.0,1.11,35.2
2014/9/25 1:05,37.3,37.4,135.0,1.16,35.1
2014/9/25 1:05,37.3,37.4,140.0,1.11,35.3
2014/9/25 1:05,37.3,37.3,145.0,1.15,35.3
2014/9/25 1:05,37.3,37.5,150.0,1.16,35.2
2014/9/25 1:05,37.3,37.3,155.0,1.16,35.2
2014/9/25 1:05,37.3,37.4,160.0,1.14,35.3
2014/9/25 1:05,37.3,37.4,165.0,1.14,35.2
2014/9/25 1:05,37.3,37.4,170.0,1.13,35.1
2014/9/25 1:05,37.3,37.4,175.0,1.13,35.2
2014/9/25 1:05,37.3,37.4,180.0,1.14,35.1
2014/9/25 1:05,37.3,37.4,185.0,1.09,35.1
2014/9/25 1:05,37.3,37.3,190.0,1.09,35.1
2014/9/25 1:05,37.3,37.4,195.0,1.1,35.2
2014/9/25 1:05,37.3,37.4,200.0,1.13,35.1
2014/9/25 1:05,37.3,37.4,205.0,1.13,35.1
2014/9/25 1:05,37.3,37.4,210.0,1.14,35.3
2014/9/25 1:05,37.3,37.4,215.0,1.13,34.9
2014/9/25 1:05,37.3,37.4,220.0,1.15,35.1
2014/9/25 1:05,37.3,37.3,225.0,1.1,35.3
2014/9/25 1:05,37.3,37.5,230.0,1.12,35.3
2014/9/25 1:05,37.3,37.4,235.0,1.11,34.8
2014/9/25 1:05,37.3,37.4,240.0,1.14,36.8
2014/9/25 1:05,37.3,37.4,245.0,1.13,35.4
2014/9/25 1:05,37.3,37.5,250.0,1.16,35.0
2014/9/25 1:05,37.3,37.3,255.0,1.15,35.4
2014/9/25 1:05,37.3,37.4,260.0,1.16,35.3
2014/9/25 1:05,37.3,37.4,265.0,1.11,37.2
2014/9/25 1:05,37.3,37.4,270.0,1.14,35.1
2014/9/25 1:05,37.3,37.4,275.0,1.13,35.3
2014/9/25 1:05,37.3,37.4,280.0,1.13,35.0
2014/9/25 1:05,37.3,37.3,285.0,1.13,34.8
2014/9/25 1:05,37.3,37.4,290.0,1.14,37.0
2014/9/25 1:05,37.3,37.4,295.0,1.15,35.4
2014/9/25 1:05,37.3,37.5,300.0,1.16,35.1
2014/9/25 1:05,37.3,37.4,305.0,1.13,35.1
2014/9/25 1:05,37.3,37.4,310.0,1.13,35.2
2014/9/25 1:05,37.3,37.4,315.0,1.12,35.1
2014/9/25 1:05,37.3,37.5,320.0,1.16,35.1
2014/9/25 1:05,37.3,37.3,325.0,1.16,36.8
2014/9/25 1:05,37.3,37.4,330.0,1.14,34.8
2014/9/25 1:05,37.3,37.4,335.0,1.16,35.3
2014/9/25 1:05,37.3,37.4,340.0,1.16,35.1
2014/9/25 1:05,37.3,37.4,345.0,1.15,35.3
2014/9/25 1:05,37.3,37.5,350.0,1.15,35.3
2014/9/25 1:05,37.3,37.4,355.0,1.14,35.2
2014/9/25 1:05,37.3,37.4,360.0,1.13,35.2
2014/9/25 1:05,37.3,37.5,365.0,1.16,37.2
2014/9/25 1:05,37.3,37.4,370.0,1.15,35.1
2014/9/25 1:05,37.3,37.4,375.0,1.15,35.4
2014/9/25 1:05,37.3,37.3,380.0,1.16,35.4
2014/9/25 1:05,37.3,37.4,385.0,1.14,36.5
2014/9/25 1:05,37.3,37.4,390.0,1.12,35.2
2014/9/25 1:05,37.3,37.5,395.0,1.15,35.2
2014/9/25 1:05,37.3,37.4,400.0,1.12,34.9
2014/9/25 1:10,35.6,35.7,10.0,0.13,35.6
2014/9/25 1:10,35.6,35.7,10.0,0.13,35.6
2014/9/25 1:10,35.6,35.8,15.0,0.21,33.5
2014/9/25 1:10,35.6,35.8,15.0,0.21,33.5
2014/9/25 1:10,35.6,35.7,20.0,0.31,35.6
2014/9/25 1:10,35.6,35.7,20.0,0.31,35.6
2014/9/25 1:10,35.6,35.7,25.0,0.36,35.7
2014/9/25 1:10,35.6,35.7,25.0,0.36,35.7
2014/9/25 1:10,35.6,35.7,30.0,0.43,33.5
2014/9/25 1:10,35.6,35.7,30.0,0.43,33.5
2014/9/25 1:10,35.6,35.8,35.0,0.52,33.8
2014/9/25 1:10,35.6,35.8,35.0,0.52,33.8
2014/9/25 1:10,35.6,35.7,40.0,0.61,35.6
2014/9/25 1:10,35.6,35.7,40.0,0.61,35.6
2014/9/25 1:10,35.6,35.7,45.0,0.67,33.5
2014/9/25 1:10,35.6,35.7,45.0,0.67,33.5
2014/9/25 1:10,35.6,35.7,50.0,0.74,35.6
2014/9/25 1:10,35.6,35.7,50.0,0.74,35.6
2014/9/25 1:10,35.6,35.7,55.0,0.8,33.5
2014/9/25 1:10,35.6,35.7,55.0,0.8,33.5
2014/9/25 1:10,35.6,35.7,60.0,0.93,34.4
2014/9/25 1:10,35.6,35.7,60.0,0.93,34.4
2014/9/25 1:10,35.6,35.7,65.0,0.98,33.9
2014/9/25 1:10,35.6,35.7,65.0,0.98,33.9
2014/9/25 1:10,35.6,35.7,70.0,1.04,33.8
2014/9/25 1:10,35.6,35.7,70.0,1.04,33.8
2014/9/25 1:10,35.6,35.7,75.0,1.13,34.7
2014/9/25 1:10,35.6,35.7,75.0,1.13,34.7
2014/9/25 1:10,35.6,35.7,80.0,1.15,34.2
2014/9/25 1:10,35.6,35.7,80.0,1.15,34.2
2014/9/25 1:10,35.6,35.7,85.0,1.13,34.9
2014/9/25 1:10,35.6,35.7,85.0,1.13,34.9
2014/9/25 1:10,35.6,35.7,90.0,1.15,34.4
2014/9/25 1:10,35.6,35.7,90.0,1.15,34.4
2014/9/25 1:10,35.6,35.7,95.0,1.13,35.1
2014/9/25 1:10,35.6,35.7,95.0,1.13,35.1
2014/9/25 1:10,35.6,35.7,100.0,1.15,34.4
2014/9/25 1:10,35.6,35.7,100.0,1.15,34.4
2014/9/25 1:10,35.6,35.7,105.0,1.17,33.9
2014/9/25 1:10,35.6,35.7,105.0,1.17,33.9
2014/9/25 1:10,35.6,35.7,110.0,1.15,34.6
2014/9/25 1:10,35.6,35.7,110.0,1.15,34.6
2014/9/25 1:10,35.6,35.7,115.0,1.14,34.9
2014/9/25 1:10,35.6,35.7,115.0,1.14,34.9
2014/9/25 1:10,35.6,35.7,120.0,1.14,34.7
2014/9/25 1:10,35.6,35.7,120.0,1.14,34.7
2014/9/25 1:10,35.6,35.7,125.0,1.13,34.9
2014/9/25 1:10,35.6,35.7,125.0,1.13,34.9
2014/9/25 1:10,35.6,35.7,130.0,1.15,34.0
2014/9/25 1:10,35.6,35.7,130.0,1.15,34.0
2014/9/25 1:10,35.6,35.7,135.0,1.12,34.7
2014/9/25 1:10,35.6,35.7,135.0,1.12,34.7
2014/9/25 1:10,35.6,35.7,140.0,1.13,34.5
2014/9/25 1:10,35.6,35.7,140.0,1.13,34.5
2014/9/25 1:10,35.6,35.6,145.0,1.15,34.8
2014/9/25 1:10,35.6,35.6,145.0,1.15,34.8
2014/9/25 1:10,35.6,35.7,150.0,1.14,34.7
2014/9/25 1:10,35.6,35.7,150.0,1.14,34.7
2014/9/25 1:10,35.6,35.6,155.0,1.13,34.9
2014/9/25 1:10,35.6,35.6,155.0,1.13,34.9
2014/9/25 1:10,35.6,35.7,160.0,1.15,34.3
2014/9/25 1:10,35.6,35.7,160.0,1.15,34.3
2014/9/25 1:10,35.6,35.7,165.0,1.12,34.6
2014/9/25 1:10,35.6,35.7,165.0,1.12,34.6
2014/9/25 1:10,35.6,35.6,170.0,1.13,34.3
2014/9/25 1:10,35.6,35.6,170.0,1.13,34.3
2014/9/25 1:10,35.6,35.7,175.0,1.13,34.8
2014/9/25 1:10,35.6,35.7,175.0,1.13,34.8
2014/9/25 1:10,35.6,35.7,180.0,1.13,34.6
2014/9/25 1:10,35.6,35.7,180.0,1.13,34.6
2014/9/25 1:10,35.6,35.8,185.0,1.18,33.9
2014/9/25 1:10,35.6,35.8,185.0,1.18,33.9
2014/9/25 1:10,35.6,35.7,190.0,1.15,34.2
2014/9/25 1:10,35.6,35.7,190.0,1.15,34.2
2014/9/25 1:10,35.6,35.8,195.0,1.17,33.9
2014/9/25 1:10,35.6,35.8,195.0,1.17,33.9
2014/9/25 1:10,35.6,35.7,200.0,1.13,34.9
2014/9/25 1:10,35.6,35.7,200.0,1.13,34.9
2014/9/25 1:10,35.6,35.7,205.0,1.13,34.9
2014/9/25 1:15,33.6,33.7,10.0,0.15,33.7
2014/9/25 1:15,33.6,33.7,15.0,0.24,31.7
2014/9/25 1:15,33.6,33.7,20.0,0.3,33.6
2014/9/25 1:15,33.6,33.7,25.0,0.38,33.6
2014/9/25 1:15,33.6,33.7,30.0,0.48,31.7
2014/9/25 1:15,33.6,33.7,35.0,0.56,32.0
2014/9/25 1:15,33.6,33.7,40.0,0.61,33.6
2014/9/25 1:15,33.6,33.7,45.0,0.72,31.7
2014/9/25 1:15,33.6,33.7,50.0,0.76,33.7
2014/9/25 1:15,33.6,33.6,55.0,0.86,31.7
2014/9/25 1:15,33.6,33.7,60.0,0.97,32.6
2014/9/25 1:15,33.6,33.7,65.0,1.02,32.1
2014/9/25 1:15,33.6,33.7,70.0,1.09,32.0
2014/9/25 1:15,33.6,33.7,75.0,1.14,32.1
2014/9/25 1:15,33.6,33.6,80.0,1.12,32.8
2014/9/25 1:15,33.6,33.7,85.0,1.17,32.0
2014/9/25 1:15,33.6,33.7,90.0,1.14,32.4
2014/9/25 1:15,33.6,33.7,95.0,1.14,32.0
2014/9/25 1:15,33.6,33.7,100.0,1.17,32.0
2014/9/25 1:15,33.6,33.7,105.0,1.15,32.0
2014/9/25 1:15,33.6,33.7,110.0,1.15,32.0
2014/9/25 1:15,33.6,33.7,115.0,1.14,32.6
2014/9/25 1:15,33.6,33.7,120.0,1.12,33.0
2014/9/25 1:15,33.6,33.6,125.0,1.13,32.6
2014/9/25 1:15,33.6,33.7,130.0,1.15,32.0
2014/9/25 1:15,33.6,33.7,135.0,1.12,32.0
2014/9/25 1:15,33.6,33.7,140.0,1.15,32.0
2014/9/25 1:15,33.6,33.7,145.0,1.14,32.7
2014/9/25 1:15,33.6,33.6,150.0,1.12,32.1
2014/9/25 1:15,33.6,33.7,155.0,1.13,32.0
2014/9/25 1:15,33.6,33.6,160.0,1.15,32.1
2014/9/25 1:15,33.6,33.7,165.0,1.13,32.3
2014/9/25 1:15,33.6,33.7,170.0,1.14,32.4
2014/9/25 1:15,33.6,33.7,175.0,1.16,32.0
2014/9/25 1:15,33.6,33.7,180.0,1.13,32.6
2014/9/25 1:15,33.6,33.6,185.0,1.13,32.3
2014/9/25 1:15,33.6,33.7,190.0,1.15,32.6
2014/9/25 1:15,33.6,33.7,195.0,1.16,32.0
2014/9/25 1:15,33.6,33.7,200.0,1.16,32.0
2014/9/25 1:15,33.6,33.7,205.0,1.15,32.4
2014/9/25 1:15,33.6,33.7,210.0,1.16,32.0
2014/9/25 1:15,33.6,33.7,215.0,1.15,32.3
2014/9/25 1:15,33.6,33.7,220.0,1.15,32.0
2014/9/25 1:15,33.6,33.8,225.0,1.18,32.0
2014/9/25 1:15,33.6,33.7,230.0,1.12,32.0
2014/9/25 1:15,33.6,33.7,235.0,1.12,32.9
2014/9/25 1:15,33.6,33.7,240.0,1.12,32.0
2014/9/25 1:15,33.6,33.7,245.0,1.15,32.0
2014/9/25 1:15,33.6,33.7,250.0,1.17,32.0
2014/9/25 1:15,33.6,33.7,255.0,1.16,32.0
2014/9/25 1:15,33.6,33.7,260.0,1.16,32.0
2014/9/25 1:15,33.6,33.6,265.0,1.13,32.4
2014/9/25 1:15,33.6,33.7,270.0,1.13,32.4
2014/9/25 1:15,33.6,33.7,275.0,1.16,32.8
2014/9/25 1:15,33.6,33.7,280.0,1.13,32.5
2014/9/25 1:15,33.6,33.7,285.0,1.15,32.0
2014/9/25 1:15,33.6,33.7,290.0,1.12,32.7
2014/9/25 1:15,33.6,33.7,295.0,1.14,32.0
2014/9/25 1:15,33.6,33.7,300.0,1.15,32.0
2014/9/25 1:15,33.6,33.7,305.0,1.13,32.6
2014/9/25 1:15,33.6,33.7,310.0,1.14,32.0
2014/9/25 1:15,33.6,33.7,315.0,1.15,32.0
2014/9/25 1:15,33.6,33.7,320.0,1.13,32.7
2014/9/25 1:15,33.6,33.6,325.0,1.15,31.9
2014/9/25 1:15,33.6,33.7,330.0,1.14,32.0
2014/9/25 1:15,33.6,33.7,335.0,1.13,32.3
2014/9/25 1:15,33.6,33.7,340.0,1.13,32.5
2014/9/25 1:15,33.6,33.7,345.0,1.16,32.0
2014/9/25 1:15,33.6,33.7,350.0,1.18,32.0
2014/9/25 1:15,33.6,33.7,355.0,1.13,32.8
2014/9/25 1:15,33.6,33.7,360.0,1.13,32.0
2014/9/25 1:15,33.6,33.7,365.0,1.16,32.0
2014/9/25 1:15,33.6,33.7,370.0,1.14,32.5
2014/9/25 1:15,33.6,33.7,375.0,1.14,32.1
2014/9/25 1:15,33.6,33.7,380.0,1.14,32.0
2014/9/25 1:15,33.6,33.7,385.0,1.15,32.0
2014/9/25 1:15,33.6,33.7,390.0,1.13,32.7
2014/9/25 1:15,33.6,33.7,395.0,1.14,32.0
2014/9/25 1:15,33.6,33.7,400.0,1.15,32.0
2014/9/25 1:20,31.2,31.2,10.0,0.16,31.2
2014/9/25 1:20,31.2,31.3,15.0,0.26,29.6
2014/9/25 1:20,31.2,31.3,20.0,0.31,31.3
2014/9/25 1:20,31.2,31.2,25.0,0.41,31.2
2014/9/25 1:20,31.2,31.3,30.0,0.51,29.6
2014/9/25 1:20,31.2,31.3,35.0,0.62,29.9
2014/9/25 1:20,31.2,31.3,40.0,0.64,31.3
2014/9/25 1:20,31.2,31.3,45.0,0.79,29.6
2014/9/25 1:20,31.2,31.3,50.0,0.83,31.2
2014/9/25 1:20,31.2,31.3,55.0,0.93,29.6
2014/9/25 1:20,31.2,31.3,60.0,1.04,30.4
2014/9/25 1:20,31.2,31.3,65.0,1.09,30.0
2014/9/25 1:20,31.2,31.3,70.0,1.16,30.0
2014/9/25 1:20,31.2,31.2,75.0,1.15,30.0
2014/9/25 1:20,31.2,31.3,80.0,1.13,30.1
2014/9/25 1:20,31.2,31.3,85.0,1.13,30.0
2014/9/25 1:20,31.2,31.3,90.0,1.14,30.0
2014/9/25 1:20,31.2,31.3,95.0,1.15,30.0
2014/9/25 1:20,31.2,31.3,100.0,1.16,30.0
2014/9/25 1:20,31.2,31.3,105.0,1.15,30.0
2014/9/25 1:20,31.2,31.3,110.0,1.12,30.4
2014/9/25 1:20,31.2,31.2,115.0,1.13,30.1
2014/9/25 1:20,31.2,31.3,120.0,1.15,30.0
2014/9/25 1:20,31.2,31.3,125.0,1.18,30.0
2014/9/25 1:20,31.2,31.3,130.0,1.15,30.0
2014/9/25 1:20,31.2,31.3,135.0,1.14,30.2
2014/9/25 1:20,31.2,31.3,140.0,1.16,30.0
2014/9/25 1:20,31.2,31.3,145.0,1.18,30.0
2014/9/25 1:20,31.2,31.3,150.0,1.18,30.0
2014/9/25 1:20,31.2,31.3,155.0,1.14,30.0
2014/9/25 1:20,31.2,31.3,160.0,1.17,30.0
2014/9/25 1:20,31.2,31.3,165.0,1.13,30.0
2014/9/25 1:20,31.2,31.3,170.0,1.17,30.0
2014/9/25 1:20,31.2,31.3,175.0,1.13,30.1
2014/9/25 1:20,31.2,31.3,180.0,1.14,30.2
2014/9/25 1:20,31.2,31.3,185.0,1.15,30.0
2014/9/25 1:20,31.2,31.3,190.0,1.11,30.0
2014/9/25 1:20,31.2,31.3,195.0,1.17,30.0
2014/9/25 1:20,31.2,31.3,200.0,1.17,30.0
2014/9/25 1:20,31.2,31.3,205.0,1.15,30.0
2014/9/25 1:20,31.2,31.2,210.0,1.14,30.1
2014/9/25 1:20,31.2,31.3,215.0,1.14,30.0
2014/9/25 1:20,31.2,31.2,220.0,1.15,29.9
2014/9/25 1:20,31.2,31.3,225.0,1.15,30.0
2014/9/25 1:20,31.2,31.3,230.0,1.18,30.0
2014/9/25 1:20,31.2,31.3,235.0,1.11,30.7
2014/9/25 1:20,31.2,31.3,240.0,1.14,30.0
2014/9/25 1:20,31.2,31.2,245.0,1.16,29.9
2014/9/25 1:20,31.2,31.3,250.0,1.15,30.0
2014/9/25 1:20,31.2,31.3,255.0,1.12,30.0
2014/9/25 1:20,31.2,31.3,260.0,1.13,30.4
2014/9/25 1:20,31.2,31.3,265.0,1.17,30.0
2014/9/25 1:20,31.2,31.3,270.0,1.13,30.0
2014/9/25 1:20,31.2,31.3,275.0,1.17,30.0
2014/9/25 1:20,31.2,31.3,280.0,1.15,30.0
2014/9/25 1:20,31.2,31.3,285.0,1.14,30.0
2014/9/25 1:20,31.2,31.3,290.0,1.17,30.0
2014/9/25 1:20,31.2,31.3,295.0,1.17,30.0
2014/9/25 1:20,31.2,31.3,300.0,1.18,30.0
2014/9/25 1:20,31.2,31.3,305.0,1.15,30.0
2014/9/25 1:20,31.2,31.3,310.0,1.16,29.9
2014/9/25 1:20,31.2,31.3,315.0,1.12,30.0
2014/9/25 1:20,31.2,31.3,320.0,1.17,30.0
2014/9/25 1:20,31.2,31.3,325.0,1.14,30.0
2014/9/25 1:20,31.2,31.3,330.0,1.15,30.0
2014/9/25 1:20,31.2,31.3,335.0,1.13,30.1
2014/9/25 1:20,31.2,31.2,340.0,1.16,30.1
2014/9/25 1:20,31.2,31.3,345.0,1.14,30.0
2014/9/25 1:20,31.2,31.3,350.0,1.12,30.1
2014/9/25 1:20,31.2,31.3,355.0,1.15,30.0
2014/9/25 1:20,31.2,31.3,360.0,1.14,30.0
2014/9/25 1:20,31.2,31.3,365.0,1.13,30.0
2014/9/25 1:20,31.2,31.3,370.0,1.15,30.0
2014/9/25 1:20,31.2,31.3,375.0,1.14,30.2
2014/9/25 1:20,31.2,31.3,380.0,1.17,30.0
2014/9/25 1:20,31.2,31.3,385.0,1.16,30.0
2014/9/25 1:20,31.2,31.2,390.0,1.15,29.9
2014/9/25 1:20,31.2,31.3,395.0,1.17,30.0
2014/9/25 1:20,31.2,31.3,400.0,1.14,30.2
2014/9/25 1:25,30.2,30.3,10.0,0.16,30.3
2014/9/25 1:25,30.2,30.3,15.0,0.26,28.7
2014/9/25 1:25,30.2,30.3,20.0,0.32,30.3
2014/9/25 1:25,30.2,30.3,25.0,0.41,30.2
2014/9/25 1:25,30.2,30.3,30.0,0.51,28.7
2014/9/25 1:25,30.2,30.3,35.0,0.6,29.0
2014/9/25 1:25,30.2,30.3,40.0,0.67,30.2
2014/9/25 1:25,30.2,30.3,45.0,0.76,28.7
2014/9/25 1:25,30.2,30.3,50.0,0.84,30.2
2014/9/25 1:25,30.2,30.3,55.0,0.95,28.7
2014/9/25 1:25,30.2,30.3,60.0,1.04,29.5
2014/9/25 1:25,30.2,30.3,65.0,1.11,30.1
2014/9/25 1:25,30.2,30.2,70.0,1.14,29.7
2014/9/25 1:25,30.2,30.3,75.0,1.14,29.7
2014/9/25 1:25,30.2,30.3,80.0,1.11,29.9
2014/9/25 1:25,30.2,30.3,85.0,1.13,29.9
2014/9/25 1:25,30.2,30.3,90.0,1.11,29.9
2014/9/25 1:25,30.2,30.3,95.0,1.11,29.9
2014/9/25 1:25,30.2,30.3,100.0,1.14,29.8
2014/9/25 1:25,30.2,30.3,105.0,1.12,29.8
2014/9/25 1:25,30.2,30.3,110.0,1.16,29.4
2014/9/25 1:25,30.2,30.3,115.0,1.11,28.7
2014/9/25 1:25,30.2,30.3,120.0,1.12,29.9
2014/9/25 1:25,30.2,30.3,125.0,1.13,30.2
2014/9/25 1:25,30.2,30.3,130.0,1.13,30.1
2014/9/25 1:25,30.2,30.3,135.0,1.13,29.7
2014/9/25 1:25,30.2,30.3,140.0,1.13,29.9
2014/9/25 1:25,30.2,30.3,145.0,1.1,30.1
2014/9/25 1:25,30.2,30.3,150.0,1.13,29.9
2014/9/25 1:25,30.2,30.2,155.0,1.12,28.7
2014/9/25 1:25,30.2,30.3,160.0,1.12,29.9
2014/9/25 1:25,30.2,30.3,165.0,1.14,29.5
2014/9/25 1:25,30.2,30.3,170.0,1.11,30.1
2014/9/25 1:25,30.2,30.3,175.0,1.1,30.2
2014/9/25 1:25,30.2,30.3,180.0,1.15,29.4
2014/9/25 1:25,30.2,30.3,185.0,1.11,29.9
2014/9/25 1:25,30.2,30.3,190.0,1.13,30.0
2014/9/25 1:25,30.2,30.3,195.0,1.13,28.5
2014/9/25 1:25,30.2,30.3,200.0,1.15,29.5
2014/9/25 1:25,30.2,30.3,205.0,1.12,30.1
2014/9/25 1:25,30.2,30.3,210.0,1.1,28.5
2014/9/25 1:25,30.2,30.3,215.0,1.11,28.6
2014/9/25 1:25,30.2,30.3,220.0,1.1,30.1
2014/9/25 1:25,30.2,30.3,225.0,1.12,28.6
2014/9/25 1:25,30.2,30.3,230.0,1.11,28.7
2014/9/25 1:25,30.2,30.3,235.0,1.12,30.1
2014/9/25 1:25,30.2,30.3,240.0,1.15,29.4
2014/9/25 1:25,30.2,30.3,245.0,1.11,28.7
2014/9/25 1:25,30.2,30.3,250.0,1.12,30.0
2014/9/25 1:25,30.2,30.3,255.0,1.12,28.6
2014/9/25 1:25,30.2,30.3,260.0,1.12,29.8
2014/9/25 1:25,30.2,30.3,265.0,1.1,30.1
2014/9/25 1:25,30.2,30.3,270.0,1.14,29.8
2014/9/25 1:25,30.2,30.3,275.0,1.1,28.6
2014/9/25 1:25,30.2,30.3,280.0,1.14,29.7
2014/9/25 1:25,30.2,30.3,285.0,1.09,30.2
2014/9/25 1:25,30.2,30.3,290.0,1.11,29.5
2014/9/25 1:25,30.2,30.3,295.0,1.14,29.6
2014/9/25 1:25,30.2,30.3,300.0,1.1,30.1
2014/9/25 1:25,30.2,30.3,305.0,1.1,30.1
2014/9/25 1:25,30.2,30.3,310.0,1.13,29.9
2014/9/25 1:25,30.2,30.3,315.0,1.1,30.1
2014/9/25 1:25,30.2,30.3,320.0,1.11,28.6
2014/9/25 1:25,30.2,30.3,325.0,1.12,30.1
2014/9/25 1:25,30.2,30.3,330.0,1.11,28.5
2014/9/25 1:25,30.2,30.3,335.0,1.13,30.0
2014/9/25 1:25,30.2,30.3,340.0,1.11,29.8
2014/9/25 1:25,30.2,30.3,345.0,1.11,28.5
2014/9/25 1:25,30.2,30.3,350.0,1.14,29.6
2014/9/25 1:25,30.2,30.3,355.0,1.1,28.5
2014/9/25 1:25,30.2,30.3,360.0,1.13,30.0
2014/9/25 1:25,30.2,30.3,365.0,1.12,28.5
2014/9/25 1:25,30.2,30.3,370.0,1.11,30.1
2014/9/25 1:25,30.2,30.3,375.0,1.11,30.2
2014/9/25 1:25,30.2,30.3,380.0,1.16,29.2
2014/9/25 1:25,30.2,30.3,385.0,1.11,30.0
2014/9/25 1:25,30.2,30.3,390.0,1.14,29.7
2014/9/25 1:25,30.2,30.2,395.0,1.11,28.7
2014/9/25 1:25,30.2,30.3,400.0,1.13,29.6
2014/9/25 1:30,25.8,25.9,10.0,0.16,25.9
2014/9/25 1:30,25.8,25.9,15.0,0.3,24.7
2014/9/25 1:30,25.8,25.9,20.0,0.37,25.8
2014/9/25 1:30,25.8,25.9,25.0,0.48,25.8
2014/9/25 1:30,25.8,25.9,30.0,0.58,24.7
2014/9/25 1:30,25.8,25.9,35.0,0.68,25.0
2014/9/25 1:30,25.8,25.9,40.0,0.77,25.8
2014/9/25 1:30,25.8,25.9,45.0,0.9,24.7
2014/9/25 1:30,25.8,25.9,50.0,0.98,25.8
2014/9/25 1:30,25.8,25.9,55.0,1.1,24.7
2014/9/25 1:30,25.8,25.9,60.0,1.13,24.7
2014/9/25 1:30,25.8,25.9,65.0,1.12,25.4
2014/9/25 1:30,25.8,25.9,70.0,1.1,25.7
2014/9/25 1:30,25.8,25.9,75.0,1.12,25.0
2014/9/25 1:30,25.8,25.9,80.0,1.1,24.9
2014/9/25 1:30,25.8,25.9,85.0,1.18,24.7
2014/9/25 1:30,25.8,25.9,90.0,1.11,25.4
2014/9/25 1:30,25.8,25.9,95.0,1.13,25.1
2014/9/25 1:30,25.8,25.9,100.0,1.16,24.7
2014/9/25 1:30,25.8,25.8,105.0,1.11,25.6
2014/9/25 1:30,25.8,25.9,110.0,1.16,24.7
2014/9/25 1:30,25.8,25.9,115.0,1.13,25.1
2014/9/25 1:30,25.8,25.9,120.0,1.12,24.7
2014/9/25 1:30,25.8,25.9,125.0,1.1,25.6
2014/9/25 1:30,25.8,25.9,130.0,1.12,25.1
2014/9/25 1:30,25.8,25.9,135.0,1.16,24.7
2014/9/25 1:30,25.8,25.9,140.0,1.15,24.7
2014/9/25 1:30,25.8,25.9,145.0,1.1,25.6
2014/9/25 1:30,25.8,25.9,150.0,1.13,24.9
2014/9/25 1:30,25.8,25.9,155.0,1.1,25.3
2014/9/25 1:30,25.8,25.9,160.0,1.1,24.7
2014/9/25 1:30,25.8,25.9,165.0,1.13,24.8
2014/9/25 1:30,25.8,25.9,170.0,1.11,25.2
2014/9/25 1:30,25.8,25.9,175.0,1.11,25.3
2014/9/25 1:30,25.8,25.9,180.0,1.13,25.3
2014/9/25 1:30,25.8,25.8,185.0,1.1,25.2
2014/9/25 1:30,25.8,25.9,190.0,1.15,24.7
2014/9/25 1:30,25.8,25.9,195.0,1.11,25.1
2014/9/25 1:30,25.8,25.8,200.0,1.13,25.0
2014/9/25 1:30,25.8,25.9,205.0,1.15,24.7
2014/9/25 1:30,25.8,25.9,210.0,1.11,25.7
2014/9/25 1:30,25.8,25.9,215.0,1.15,24.9
2014/9/25 1:30,25.8,25.9,220.0,1.12,24.8
2014/9/25 1:30,25.8,25.9,225.0,1.13,25.0
2014/9/25 1:30,25.8,25.9,230.0,1.18,24.7
2014/9/25 1:30,25.8,25.9,235.0,1.12,25.2
2014/9/25 1:30,25.8,25.9,240.0,1.18,24.7
2014/9/25 1:30,25.8,25.9,245.0,1.11,25.8
2014/9/25 1:30,25.8,25.9,250.0,1.12,25.2
2014/9/25 1:30,25.8,25.9,255.0,1.13,25.0
2014/9/25 1:30,25.8,25.9,260.0,1.09,24.7
2014/9/25 1:30,25.8,25.9,265.0,1.12,25.2
2014/9/25 1:30,25.8,25.9,270.0,1.13,25.0
2014/9/25 1:30,25.8,25.9,275.0,1.09,24.7
2014/9/25 1:30,25.8,25.9,280.0,1.17,24.7
2014/9/25 1:30,25.8,25.9,285.0,1.09,24.8
2014/9/25 1:30,25.8,25.9,290.0,1.14,24.7
2014/9/25 1:30,25.8,25.9,295.0,1.12,25.5
2014/9/25 1:30,25.8,25.9,300.0,1.12,25.2
2014/9/25 1:30,25.8,25.9,305.0,1.09,24.7
2014/9/25 1:30,25.8,25.9,310.0,1.1,25.8
2014/9/25 1:30,25.8,25.9,315.0,1.12,25.1
2014/9/25 1:30,25.8,25.9,320.0,1.14,24.7
2014/9/25 1:30,25.8,25.9,325.0,1.18,24.7
2014/9/25 1:30,25.8,25.8,330.0,1.1,25.7
2014/9/25 1:30,25.8,25.9,335.0,1.11,25.6
2014/9/25 1:30,25.8,25.9,340.0,1.11,25.3
2014/9/25 1:30,25.8,25.9,345.0,1.15,25.1
2014/9/25 1:30,25.8,25.9,350.0,1.14,24.7
2014/9/25 1:30,25.8,25.9,355.0,1.11,24.7
2014/9/25 1:30,25.8,25.9,360.0,1.14,24.7
2014/9/25 1:30,25.8,25.9,365.0,1.11,25.7
2014/9/25 1:30,25.8,25.9,370.0,1.11,24.7
2014/9/25 1:30,25.8,25.9,375.0,1.12,25.0
2014/9/25 1:30,25.8,25.9,380.0,1.13,25.0
2014/9/25 1:30,25.8,25.9,385.0,1.11,25.5
2014/9/25 1:30,25.8,25.9,390.0,1.16,24.7
2014/9/25 1:30,25.8,25.9,395.0,1.13,25.1
2014/9/25 1:30,25.8,25.9,400.0,1.14,24.7
2014/9/25 1:35,23.4,23.5,10.0,0.17,23.5
2014/9/25 1:35,23.4,23.5,15.0,0.3,22.5
2014/9/25 1:35,23.4,23.5,20.0,0.4,23.5
2014/9/25 1:35,23.4,23.5,25.0,0.52,23.4
2014/9/25 1:35,23.4,23.5,30.0,0.63,22.6
2014/9/25 1:35,23.4,23.5,35.0,0.77,22.8
2014/9/25 1:35,23.4,23.5,40.0,0.84,23.5
2014/9/25 1:35,23.4,23.5,45.0,0.98,22.5
2014/9/25 1:35,23.4,23.5,50.0,1.06,23.4
2014/9/25 1:35,23.4,23.5,55.0,1.15,23.4
2014/9/25 1:35,23.4,23.5,60.0,1.12,22.5
2014/9/25 1:35,23.4,23.5,65.0,1.12,23.2
2014/9/25 1:35,23.4,23.5,70.0,1.13,23.4
2014/9/25 1:35,23.4,23.5,75.0,1.09,23.4
2014/9/25 1:35,23.4,23.5,80.0,1.16,23.4
2014/9/25 1:35,23.4,23.5,85.0,1.11,23.0
2014/9/25 1:35,23.4,23.5,90.0,1.11,23.2
2014/9/25 1:35,23.4,23.5,95.0,1.16,23.4
2014/9/25 1:35,23.4,23.5,100.0,1.16,23.4
2014/9/25 1:35,23.4,23.5,105.0,1.1,22.4
2014/9/25 1:35,23.4,23.5,110.0,1.14,23.4
2014/9/25 1:35,23.4,23.4,115.0,1.11,23.2
2014/9/25 1:35,23.4,23.5,120.0,1.16,23.4
2014/9/25 1:35,23.4,23.5,125.0,1.15,23.4
2014/9/25 1:35,23.4,23.5,130.0,1.07,23.4
2014/9/25 1:35,23.4,23.5,135.0,1.12,23.4
2014/9/25 1:35,23.4,23.5,140.0,1.12,23.4
2014/9/25 1:35,23.4,23.5,145.0,1.08,23.4
2014/9/25 1:35,23.4,23.5,150.0,1.15,23.4
2014/9/25 1:35,23.4,23.5,155.0,1.11,23.4
2014/9/25 1:35,23.4,23.5,160.0,1.11,22.7
2014/9/25 1:35,23.4,23.5,165.0,1.11,23.2
2014/9/25 1:35,23.4,23.4,170.0,1.11,23.1
2014/9/25 1:35,23.4,23.5,175.0,1.12,23.4
2014/9/25 1:35,23.4,23.5,180.0,1.1,23.3
2014/9/25 1:35,23.4,23.5,185.0,1.08,23.4
2014/9/25 1:35,23.4,23.5,190.0,1.12,23.4
2014/9/25 1:35,23.4,23.5,195.0,1.11,23.0
2014/9/25 1:35,23.4,23.5,200.0,1.11,22.6
2014/9/25 1:35,23.4,23.5,205.0,1.12,23.1
2014/9/25 1:35,23.4,23.5,210.0,1.11,22.9
2014/9/25 1:35,23.4,23.4,215.0,1.13,23.0
2014/9/25 1:35,23.4,23.5,220.0,1.1,23.4
2014/9/25 1:35,23.4,23.5,225.0,1.12,23.4
2014/9/25 1:35,23.4,23.5,230.0,1.15,23.4
2014/9/25 1:35,23.4,23.4,235.0,1.11,23.1
2014/9/25 1:35,23.4,23.5,240.0,1.15,23.4
2014/9/25 1:35,23.4,23.5,245.0,1.13,23.4
2014/9/25 1:35,23.4,23.5,250.0,1.11,23.4
2014/9/25 1:35,23.4,23.5,255.0,1.13,23.4
2014/9/25 1:35,23.4,23.5,260.0,1.1,22.8
2014/9/25 1:35,23.4,23.5,265.0,1.15,23.4
2014/9/25 1:35,23.4,23.5,270.0,1.13,23.4
2014/9/25 1:35,23.4,23.5,275.0,1.09,23.4
2014/9/25 1:35,23.4,23.5,280.0,1.11,23.2
2014/9/25 1:35,23.4,23.5,285.0,1.11,22.9
2014/9/25 1:35,23.4,23.5,290.0,1.1,23.4
2014/9/25 1:35,23.4,23.5,295.0,1.13,22.9
2014/9/25 1:35,23.4,23.5,300.0,1.11,23.0
2014/9/25 1:35,23.4,23.5,305.0,1.11,23.1
2014/9/25 1:35,23.4,23.5,310.0,1.16,23.4
2014/9/25 1:35,23.4,23.5,315.0,1.09,23.4
2014/9/25 1:35,23.4,23.5,320.0,1.13,23.4
2014/9/25 1:35,23.4,23.5,325.0,1.14,23.4
2014/9/25 1:35,23.4,23.5,330.0,1.09,23.4
2014/9/25 1:35,23.4,23.5,335.0,1.11,23.2
2014/9/25 1:35,23.4,23.5,340.0,1.09,23.4
2014/9/25 1:35,23.4,23.5,345.0,1.12,23.1
2014/9/25 1:35,23.4,23.5,350.0,1.16,23.4
2014/9/25 1:35,23.4,23.5,355.0,1.09,23.4
2014/9/25 1:35,23.4,23.5,360.0,1.14,23.4
2014/9/25 1:35,23.4,23.5,365.0,1.15,23.4
2014/9/25 1:35,23.4,23.5,370.0,1.12,22.8
2014/9/25 1:35,23.4,23.5,375.0,1.16,23.4
2014/9/25 1:35,23.4,23.5,380.0,1.11,23.0
2014/9/25 1:35,23.4,23.5,385.0,1.12,23.4
2014/9/25 1:35,23.4,23.5,390.0,1.14,23.4
2014/9/25 1:35,23.4,23.5,395.0,1.12,22.8
2014/9/25 1:35,23.4,23.5,400.0,1.13,23.4
2014/9/25 1:40,23.1,23.2,10.0,0.2,23.1
2014/9/25 1:40,23.1,23.2,15.0,0.3,22.3
2014/9/25 1:40,23.1,23.2,20.0,0.41,23.2
2014/9/25 1:40,23.1,23.2,25.0,0.5,23.2
2014/9/25 1:40,23.1,23.2,30.0,0.62,22.3
2014/9/25 1:40,23.1,23.2,35.0,0.79,22.5
2014/9/25 1:40,23.1,23.2,40.0,0.85,23.2
2014/9/25 1:40,23.1,23.2,45.0,0.97,22.3
2014/9/25 1:40,23.1,23.2,50.0,1.08,22.9
2014/9/25 1:40,23.1,23.2,55.0,1.15,22.1
2014/9/25 1:40,23.1,23.2,60.0,1.12,22.2
2014/9/25 1:40,23.1,23.2,65.0,1.12,22.9
2014/9/25 1:40,23.1,23.2,70.0,1.09,23.2
2014/9/25 1:40,23.1,23.2,75.0,1.1,22.8
2014/9/25 1:40,23.1,23.2,80.0,1.09,23.1
2014/9/25 1:40,23.1,23.2,85.0,1.08,23.2
2014/9/25 1:40,23.1,23.2,90.0,1.11,22.9
2014/9/25 1:40,23.1,23.2,95.0,1.13,22.1
2014/9/25 1:40,23.1,23.2,100.0,1.11,23.0
2014/9/25 1:40,23.1,23.2,105.0,1.09,22.8
2014/9/25 1:40,23.1,23.2,110.0,1.12,22.2
2014/9/25 1:40,23.1,23.2,115.0,1.11,23.0
2014/9/25 1:40,23.1,23.1,120.0,1.12,23.1
2014/9/25 1:40,23.1,23.2,125.0,1.13,22.3
2014/9/25 1:40,23.1,23.2,130.0,1.12,23.1
2014/9/25 1:40,23.1,23.2,135.0,1.13,22.5
2014/9/25 1:40,23.1,23.2,140.0,1.09,23.1
2014/9/25 1:40,23.1,23.2,145.0,1.1,22.9
2014/9/25 1:40,23.1,23.2,150.0,1.11,22.3
2014/9/25 1:40,23.1,23.2,155.0,1.11,22.9
2014/9/25 1:40,23.1,23.2,160.0,1.09,22.7
2014/9/25 1:40,23.1,23.2,165.0,1.13,22.2
2014/9/25 1:40,23.1,23.2,170.0,1.08,23.2
2014/9/25 1:40,23.1,23.2,175.0,1.13,22.2
2014/9/25 1:40,23.1,23.1,180.0,1.12,22.2
2014/9/25 1:40,23.1,23.2,185.0,1.13,22.2
2014/9/25 1:40,23.1,23.2,190.0,1.12,22.2
2014/9/25 1:40,23.1,23.2,195.0,1.11,23.1
2014/9/25 1:40,23.1,23.2,200.0,1.15,22.4
2014/9/25 1:40,23.1,23.2,205.0,1.1,23.2
2014/9/25 1:40,23.1,23.2,210.0,1.09,23.0
2014/9/25 1:40,23.1,23.2,215.0,1.1,22.3
2014/9/25 1:40,23.1,23.2,220.0,1.11,22.9
2014/9/25 1:40,23.1,23.1,225.0,1.12,22.1
2014/9/25 1:40,23.1,23.2,230.0,1.12,22.2
2014/9/25 1:40,23.1,23.2,235.0,1.1,23.1
2014/9/25 1:40,23.1,23.2,240.0,1.1,23.2
2014/9/25 1:40,23.1,23.2,245.0,1.12,22.3
2014/9/25 1:40,23.1,23.2,250.0,1.09,23.0
2014/9/25 1:40,23.1,23.2,255.0,1.11,23.1
2014/9/25 1:40,23.1,23.2,260.0,1.11,23.0
2014/9/25 1:40,23.1,23.1,265.0,1.12,23.0
2014/9/25 1:40,23.1,23.2,270.0,1.09,23.2
2014/9/25 1:40,23.1,23.2,275.0,1.1,22.8
2014/9/25 1:40,23.1,23.2,280.0,1.12,22.3
2014/9/25 1:40,23.1,23.2,285.0,1.08,22.9
2014/9/25 1:40,23.1,23.2,290.0,1.12,22.5
2014/9/25 1:40,23.1,23.2,295.0,1.13,22.4
2014/9/25 1:40,23.1,23.2,300.0,1.08,22.7
2014/9/25 1:40,23.1,23.2,305.0,1.11,22.9
2014/9/25 1:40,23.1,23.2,310.0,1.11,22.3
2014/9/25 1:40,23.1,23.2,315.0,1.08,23.2
2014/9/25 1:40,23.1,23.2,320.0,1.1,23.0
2014/9/25 1:40,23.1,23.2,325.0,1.12,22.6
2014/9/25 1:40,23.1,23.2,330.0,1.08,23.2
2014/9/25 1:40,23.1,23.2,335.0,1.11,22.8
2014/9/25 1:40,23.1,23.2,340.0,1.11,23.0
2014/9/25 1:40,23.1,23.2,345.0,1.12,23.1
2014/9/25 1:40,23.1,23.2,350.0,1.13,22.3
2014/9/25 1:40,23.1,23.2,355.0,1.13,22.8
2014/9/25 1:40,23.1,23.2,360.0,1.11,22.4
2014/9/25 1:40,23.1,23.2,365.0,1.11,22.5
2014/9/25 1:40,23.1,23.2,370.0,1.11,22.9
2014/9/25 1:40,23.1,23.2,375.0,1.11,22.1
2014/9/25 1:40,23.1,23.2,380.0,1.11,22.9
2014/9/25 1:40,23.1,23.2,385.0,1.09,23.2
2014/9/25 1:40,23.1,23.2,390.0,1.12,22.4
2014/9/25 1:40,23.1,23.2,395.0,1.08,23.0
2014/9/25 1:40,23.1,23.2,400.0,1.11,22.3
2014/9/25 1:45,24.5,24.6,10.0,0.17,24.6
2014/9/25 1:45,24.5,24.6,15.0,0.3,23.6
2014/9/25 1:45,24.5,24.6,20.0,0.38,24.6
2014/9/25 1:45,24.5,24.5,25.0,0.5,24.5
2014/9/25 1:45,24.5,24.6,30.0,0.62,23.6
2014/9/25 1:45,24.5,24.6,35.0,0.73,23.8
2014/9/25 1:45,24.5,24.6,40.0,0.79,24.6
2014/9/25 1:45,24.5,24.6,45.0,0.94,23.6
2014/9/25 1:45,24.5,24.6,50.0,1.02,24.6
2014/9/25 1:45,24.5,24.6,55.0,1.13,24.4
2014/9/25 1:45,24.5,24.6,60.0,1.06,24.4
2014/9/25 1:45,24.5,24.6,65.0,1.25,24.2
2014/9/25 1:45,24.5,24.5,70.0,1.27,24.1
2014/9/25 1:45,24.5,24.6,75.0,1.14,24.3
2014/9/25 1:45,24.5,24.6,80.0,1.13,24.4
2014/9/25 1:45,24.5,24.6,85.0,1.13,24.4
2014/9/25 1:45,24.5,24.6,90.0,1.15,24.4
2014/9/25 1:45,24.5,24.6,95.0,1.11,24.5
2014/9/25 1:45,24.5,24.6,100.0,1.17,24.3
2014/9/25 1:45,24.5,24.5,105.0,1.16,24.3
2014/9/25 1:45,24.5,24.6,110.0,1.16,24.3
2014/9/25 1:45,24.5,24.6,115.0,1.1,24.4
2014/9/25 1:45,24.5,24.6,120.0,1.14,24.5
2014/9/25 1:45,24.5,24.6,125.0,1.13,24.5
2014/9/25 1:45,24.5,24.6,130.0,1.11,24.4
2014/9/25 1:45,24.5,24.6,135.0,1.15,24.4
2014/9/25 1:45,24.5,24.6,140.0,1.18,24.4
2014/9/25 1:45,24.5,24.6,145.0,1.11,24.4
2014/9/25 1:45,24.5,24.6,150.0,1.14,24.5
2014/9/25 1:45,24.5,24.6,155.0,1.15,24.4
2014/9/25 1:45,24.5,24.6,160.0,1.05,24.4
2014/9/25 1:45,24.5,24.5,165.0,1.11,24.4
2014/9/25 1:45,24.5,24.6,170.0,1.14,24.5
2014/9/25 1:45,24.5,24.6,175.0,1.11,24.4
2014/9/25 1:45,24.5,24.6,180.0,1.16,24.3
2014/9/25 1:45,24.5,24.6,185.0,1.05,24.4
2014/9/25 1:45,24.5,24.6,190.0,1.12,24.5
2014/9/25 1:45,24.5,24.6,195.0,1.12,24.5
2014/9/25 1:45,24.5,24.5,200.0,1.13,24.4
2014/9/25 1:45,24.5,24.6,205.0,1.11,24.4
2014/9/25 1:45,24.5,24.6,210.0,1.14,24.5
2014/9/25 1:45,24.5,24.6,215.0,1.17,24.4
2014/9/25 1:45,24.5,24.6,220.0,1.06,24.4
2014/9/25 1:45,24.5,24.6,225.0,1.06,24.4
2014/9/25 1:45,24.5,24.6,230.0,1.14,24.4
2014/9/25 1:45,24.5,24.6,235.0,1.16,24.4
2014/9/25 1:45,24.5,24.6,240.0,1.15,24.4
2014/9/25 1:45,24.5,24.6,245.0,1.13,24.5
2014/9/25 1:45,24.5,24.6,250.0,1.15,24.4
2014/9/25 1:45,24.5,24.6,255.0,1.15,24.4
2014/9/25 1:45,24.5,24.6,260.0,1.12,24.4
2014/9/25 1:45,24.5,24.6,265.0,1.11,24.4
2014/9/25 1:45,24.5,24.6,270.0,1.17,24.3
2014/9/25 1:45,24.5,24.6,275.0,1.12,24.4
2014/9/25 1:45,24.5,24.6,280.0,1.17,24.4
2014/9/25 1:45,24.5,24.6,285.0,1.12,24.4
2014/9/25 1:45,24.5,24.6,290.0,1.13,24.4
2014/9/25 1:45,24.5,24.6,295.0,1.17,24.4
2014/9/25 1:45,24.5,24.6,300.0,1.17,24.4
2014/9/25 1:45,24.5,24.6,305.0,1.1,24.4
2014/9/25 1:45,24.5,24.6,310.0,1.16,24.4
2014/9/25 1:45,24.5,24.6,315.0,1.11,24.4
2014/9/25 1:45,24.5,24.6,320.0,1.13,24.5
2014/9/25 1:45,24.5,24.6,325.0,1.16,24.4
2014/9/25 1:45,24.5,24.6,330.0,1.12,24.5
2014/9/25 1:45,24.5,24.6,335.0,1.14,24.3
2014/9/25 1:45,24.5,24.6,340.0,1.13,24.4
2014/9/25 1:45,24.5,24.6,345.0,1.15,24.5
2014/9/25 1:45,24.5,24.6,350.0,1.17,24.4
2014/9/25 1:45,24.5,24.6,355.0,1.15,24.4
2014/9/25 1:45,24.5,24.6,360.0,1.13,24.4
2014/9/25 1:45,24.5,24.6,365.0,1.16,24.3
2014/9/25 1:45,24.5,24.6,370.0,1.12,24.5
2014/9/25 1:45,24.5,24.6,375.0,1.13,24.4
2014/9/25 1:45,24.5,24.6,380.0,1.06,24.4
2014/9/25 1:45,24.5,24.6,385.0,1.12,24.4
2014/9/25 1:45,24.5,24.6,390.0,1.15,24.3
2014/9/25 1:45,24.5,24.6,395.0,1.16,24.3
2014/9/25 1:45,24.5,24.6,400.0,1.15,24.4
2014/9/25 1:50,23.8,23.9,10.0,0.16,23.9
2014/9/25 1:50,23.8,23.9,15.0,0.3,22.9
2014/9/25 1:50,23.8,23.9,20.0,0.45,23.8
2014/9/25 1:50,23.8,23.9,25.0,0.48,23.9
2014/9/25 1:50,23.8,23.9,30.0,0.65,22.9
2014/9/25 1:50,23.8,23.9,35.0,0.74,23.1
2014/9/25 1:50,23.8,23.9,40.0,0.89,23.8
2014/9/25 1:50,23.8,23.9,45.0,0.94,22.9
2014/9/25 1:50,23.8,23.9,50.0,1.08,23.1
2014/9/25 1:50,23.8,23.9,55.0,1.23,23.7
2014/9/25 1:50,23.8,23.9,60.0,1.13,23.8
2014/9/25 1:50,23.8,23.8,65.0,1.24,23.1
2014/9/25 1:50,23.8,23.9,70.0,1.28,23.7
2014/9/25 1:50,23.8,23.9,75.0,1.15,23.8
2014/9/25 1:50,23.8,23.9,80.0,1.17,23.8
2014/9/25 1:50,23.8,23.9,85.0,1.17,23.8
2014/9/25 1:50,23.8,23.9,90.0,1.12,23.8
2014/9/25 1:50,23.8,23.9,95.0,1.13,23.8
2014/9/25 1:50,23.8,23.9,100.0,1.15,23.8
2014/9/25 1:50,23.8,23.8,105.0,1.14,23.7
2014/9/25 1:50,23.8,23.9,110.0,1.14,23.8
2014/9/25 1:50,23.8,23.9,115.0,1.17,23.8
2014/9/25 1:50,23.8,23.9,120.0,1.16,23.8
2014/9/25 1:50,23.8,23.9,125.0,1.14,23.8
2014/9/25 1:50,23.8,23.9,130.0,1.14,23.8
2014/9/25 1:50,23.8,23.9,135.0,1.16,23.8
2014/9/25 1:50,23.8,23.9,140.0,1.15,23.8
2014/9/25 1:50,23.8,23.9,145.0,1.12,23.8
2014/9/25 1:50,23.8,23.9,150.0,1.09,23.8
2014/9/25 1:50,23.8,23.9,155.0,1.14,23.8
2014/9/25 1:50,23.8,23.9,160.0,1.1,23.8
2014/9/25 1:50,23.8,23.9,165.0,1.15,23.8
2014/9/25 1:50,23.8,23.9,170.0,1.13,23.8
2014/9/25 1:50,23.8,23.9,175.0,1.11,22.8
2014/9/25 1:50,23.8,23.9,180.0,1.16,23.8
2014/9/25 1:50,23.8,23.9,185.0,1.13,23.8
2014/9/25 1:50,23.8,23.9,190.0,1.08,23.8
2014/9/25 1:50,23.8,23.9,195.0,1.11,23.8
2014/9/25 1:50,23.8,23.9,200.0,1.1,23.8
2014/9/25 1:50,23.8,23.9,205.0,1.11,23.8
2014/9/25 1:50,23.8,23.9,210.0,1.15,23.8
2014/9/25 1:50,23.8,23.9,215.0,1.16,23.8
2014/9/25 1:50,23.8,23.9,220.0,1.16,23.8
2014/9/25 1:50,23.8,23.9,225.0,1.15,23.8
2014/9/25 1:50,23.8,23.9,230.0,1.13,23.8
2014/9/25 1:50,23.8,23.8,235.0,1.15,22.7
2014/9/25 1:50,23.8,23.9,240.0,1.14,23.8
2014/9/25 1:50,23.8,23.9,245.0,1.13,23.8
2014/9/25 1:50,23.8,23.9,250.0,1.15,23.8
2014/9/25 1:50,23.8,23.9,255.0,1.13,23.0
2014/9/25 1:50,23.8,23.9,260.0,1.14,22.8
2014/9/25 1:50,23.8,23.9,265.0,1.16,23.8
2014/9/25 1:50,23.8,23.8,270.0,1.13,23.7
2014/9/25 1:50,23.8,23.9,275.0,1.15,23.8
2014/9/25 1:50,23.8,23.9,280.0,1.15,23.8
2014/9/25 1:50,23.8,23.9,285.0,1.15,23.8
2014/9/25 1:50,23.8,23.9,290.0,1.14,23.8
2014/9/25 1:50,23.8,23.9,295.0,1.13,23.8
2014/9/25 1:50,23.8,23.9,300.0,1.08,23.8
2014/9/25 1:50,23.8,23.9,305.0,1.14,22.8
2014/9/25 1:50,23.8,23.9,310.0,1.09,23.8
2014/9/25 1:50,23.8,23.9,315.0,1.16,23.8
2014/9/25 1:50,23.8,23.9,320.0,1.14,23.8
2014/9/25 1:50,23.8,23.9,325.0,1.14,23.8
2014/9/25 1:50,23.8,23.9,330.0,1.17,23.8
2014/9/25 1:50,23.8,23.9,335.0,1.13,23.8
2014/9/25 1:50,23.8,23.9,340.0,1.15,23.8
2014/9/25 1:50,23.8,23.8,345.0,1.12,22.7
2014/9/25 1:50,23.8,23.9,350.0,1.17,23.8
2014/9/25 1:50,23.8,23.8,355.0,1.11,23.3
2014/9/25 1:50,23.8,23.9,360.0,1.15,23.8
2014/9/25 1:50,23.8,23.9,365.0,1.16,23.8
2014/9/25 1:50,23.8,23.9,370.0,1.12,23.8
2014/9/25 1:50,23.8,23.9,375.0,1.13,23.8
2014/9/25 1:50,23.8,23.9,380.0,1.16,23.8
2014/9/25 1:50,23.8,23.9,385.0,1.16,23.8
2014/9/25 1:50,23.8,23.9,390.0,1.14,23.8
2014/9/25 1:50,23.8,23.9,395.0,1.16,23.8
2014/9/25 1:50,23.8,23.8,400.0,1.15,22.7
2014/9/25 1:55,19.8,19.9,10.0,0.2,19.9
2014/9/25 1:55,19.8,19.9,15.0,0.33,19.2
2014/9/25 1:55,19.8,19.9,20.0,0.46,19.9
2014/9/25 1:55,19.8,19.9,25.0,0.66,19.8
2014/9/25 1:55,19.8,19.9,30.0,0.72,19.2
2014/9/25 1:55,19.8,19.9,35.0,0.87,19.4
2014/9/25 1:55,19.8,19.9,40.0,0.98,19.9
2014/9/25 1:55,19.8,19.9,45.0,1.14,19.6
2014/9/25 1:55,19.8,19.9,50.0,1.14,19.6
2014/9/25 1:55,19.8,19.9,55.0,1.16,19.7
2014/9/25 1:55,19.8,19.9,60.0,1.15,19.6
2014/9/25 1:55,19.8,19.9,65.0,1.17,19.5
2014/9/25 1:55,19.8,19.9,70.0,1.2,19.7
2014/9/25 1:55,19.8,19.9,75.0,1.13,19.6
2014/9/25 1:55,19.8,19.9,80.0,1.18,19.7
2014/9/25 1:55,19.8,19.9,85.0,1.17,19.6
2014/9/25 1:55,19.8,19.9,90.0,1.18,19.7
2014/9/25 1:55,19.8,19.9,95.0,1.09,19.7
2014/9/25 1:55,19.8,19.9,100.0,1.19,19.6
2014/9/25 1:55,19.8,19.9,105.0,1.18,19.5
2014/9/25 1:55,19.8,19.9,110.0,1.12,19.5
2014/9/25 1:55,19.8,19.9,115.0,1.17,19.6
2014/9/25 1:55,19.8,19.9,120.0,1.12,19.7
2014/9/25 1:55,19.8,19.9,125.0,1.17,19.7
2014/9/25 1:55,19.8,19.9,130.0,1.15,19.6
2014/9/25 1:55,19.8,19.9,135.0,1.13,19.7
2014/9/25 1:55,19.8,19.9,140.0,1.16,19.7
2014/9/25 1:55,19.8,19.9,145.0,1.09,19.7
2014/9/25 1:55,19.8,19.9,150.0,1.16,19.7
2014/9/25 1:55,19.8,19.9,155.0,1.18,19.7
2014/9/25 1:55,19.8,19.9,160.0,1.17,19.7
2014/9/25 1:55,19.8,19.9,165.0,1.18,19.7
2014/9/25 1:55,19.8,19.9,170.0,1.19,19.7
2014/9/25 1:55,19.8,19.9,175.0,1.12,19.6
2014/9/25 1:55,19.8,19.8,180.0,1.16,19.7
2014/9/25 1:55,19.8,19.9,185.0,1.18,19.7
2014/9/25 1:55,19.8,19.9,190.0,1.12,19.8
2014/9/25 1:55,19.8,19.9,195.0,1.12,19.7
2014/9/25 1:55,19.8,19.9,200.0,1.15,19.7
2014/9/25 1:55,19.8,19.9,205.0,1.15,19.6
2014/9/25 1:55,19.8,19.8,210.0,1.13,19.6
2014/9/25 1:55,19.8,19.9,215.0,1.12,19.7
2014/9/25 1:55,19.8,19.8,220.0,1.13,19.4
2014/9/25 1:55,19.8,19.9,225.0,1.15,19.5
2014/9/25 1:55,19.8,19.9,230.0,1.1,19.8
2014/9/25 1:55,19.8,19.9,235.0,1.13,19.7
2014/9/25 1:55,19.8,19.9,240.0,1.19,19.7
2014/9/25 1:55,19.8,19.9,245.0,1.16,19.7
2014/9/25 1:55,19.8,19.9,250.0,1.19,19.7
2014/9/25 1:55,19.8,19.9,255.0,1.1,19.8
2014/9/25 1:55,19.8,19.9,260.0,1.19,19.7
2014/9/25 1:55,19.8,19.9,265.0,1.14,19.6
2014/9/25 1:55,19.8,19.9,270.0,1.18,19.7
2014/9/25 1:55,19.8,19.9,275.0,1.04,19.7
2014/9/25 1:55,19.8,19.9,280.0,1.14,19.7
2014/9/25 1:55,19.8,19.9,285.0,1.16,19.5
2014/9/25 1:55,19.8,19.9,290.0,1.15,19.7
2014/9/25 1:55,19.8,19.9,295.0,1.13,19.7
2014/9/25 1:55,19.8,19.9,300.0,1.16,19.7
2014/9/25 1:55,19.8,19.9,305.0,1.16,19.6
2014/9/25 1:55,19.8,19.9,310.0,1.19,19.7
2014/9/25 1:55,19.8,19.9,315.0,1.11,19.7
2014/9/25 1:55,19.8,19.9,320.0,1.19,19.7
2014/9/25 1:55,19.8,19.9,325.0,1.16,19.7
2014/9/25 1:55,19.8,19.9,330.0,1.15,19.7
2014/9/25 1:55,19.8,19.8,335.0,1.13,19.3
2014/9/25 1:55,19.8,19.9,340.0,1.15,19.7
2014/9/25 1:55,19.8,19.9,345.0,1.13,19.7
2014/9/25 1:55,19.8,19.9,350.0,1.11,19.7
2014/9/25 1:55,19.8,19.9,355.0,1.09,19.8
2014/9/25 1:55,19.8,19.9,360.0,1.15,19.7
2014/9/25 1:55,19.8,19.9,365.0,1.12,19.7
2014/9/25 1:55,19.8,19.9,370.0,1.13,19.6
2014/9/25 1:55,19.8,19.9,375.0,1.16,19.7
2014/9/25 1:55,19.8,19.9,380.0,1.14,19.7
2014/9/25 1:55,19.8,19.9,385.0,1.14,19.7
2014/9/25 1:55,19.8,19.9,390.0,1.11,19.8
2014/9/25 1:55,19.8,19.9,395.0,1.16,19.7
2014/9/25 1:55,19.8,19.9,400.0,1.17,19.6
2014/9/25 2:00,22.5,22.6,10.0,0.16,22.6
2014/9/25 2:00,22.5,22.6,15.0,0.31,21.7
2014/9/25 2:00,22.5,22.6,20.0,0.45,22.6
2014/9/25 2:00,22.5,22.5,25.0,0.54,22.5
2014/9/25 2:00,22.5,22.6,30.0,0.65,21.7
2014/9/25 2:00,22.5,22.6,35.0,0.77,21.9
2014/9/25 2:00,22.5,22.6,40.0,0.87,22.6
2014/9/25 2:00,22.5,22.6,45.0,1.04,21.8
2014/9/25 2:00,22.5,22.6,50.0,1.13,21.9
2014/9/25 2:00,22.5,22.6,55.0,1.19,21.7
2014/9/25 2:00,22.5,22.6,60.0,1.11,22.0
2014/9/25 2:00,22.5,22.6,65.0,1.17,21.9
2014/9/25 2:00,22.5,22.6,70.0,1.18,21.6
2014/9/25 2:00,22.5,22.6,75.0,1.12,22.1
2014/9/25 2:00,22.5,22.6,80.0,1.09,22.0
2014/9/25 2:00,22.5,22.6,85.0,1.12,21.6
2014/9/25 2:00,22.5,22.6,90.0,1.13,22.1
2014/9/25 2:00,22.5,22.6,95.0,1.1,21.8
2014/9/25 2:00,22.5,22.5,100.0,1.14,22.0
2014/9/25 2:00,22.5,22.6,105.0,1.1,22.0
2014/9/25 2:00,22.5,22.6,110.0,1.09,22.1
2014/9/25 2:00,22.5,22.6,115.0,1.1,21.8
2014/9/25 2:00,22.5,22.6,120.0,1.12,22.1
2014/9/25 2:00,22.5,22.6,125.0,1.09,22.1
2014/9/25 2:00,22.5,22.6,130.0,1.11,21.9
2014/9/25 2:00,22.5,22.6,135.0,1.11,22.0
2014/9/25 2:00,22.5,22.6,140.0,1.09,22.1
2014/9/25 2:00,22.5,22.6,145.0,1.1,22.0
2014/9/25 2:00,22.5,22.6,150.0,1.13,22.0
2014/9/25 2:00,22.5,22.6,155.0,1.11,22.1
2014/9/25 2:00,22.5,22.5,160.0,1.12,22.1
2014/9/25 2:00,22.5,22.6,165.0,1.12,21.8
2014/9/25 2:00,22.5,22.6,170.0,1.12,22.1
2014/9/25 2:00,22.5,22.6,175.0,1.09,22.0
2014/9/25 2:00,22.5,22.6,180.0,1.11,21.9
2014/9/25 2:00,22.5,22.6,185.0,1.12,21.8
2014/9/25 2:00,22.5,22.6,190.0,1.12,22.1
2014/9/25 2:00,22.5,22.6,195.0,1.1,21.8
2014/9/25 2:00,22.5,22.6,200.0,1.11,22.0
2014/9/25 2:00,22.5,22.6,205.0,1.11,21.6
2014/9/25 2:00,22.5,22.6,210.0,1.11,22.1
2014/9/25 2:00,22.5,22.6,215.0,1.11,22.0
2014/9/25 2:00,22.5,22.5,220.0,1.1,22.0
2014/9/25 2:00,22.5,22.6,225.0,1.11,22.0
2014/9/25 2:00,22.5,22.6,230.0,1.11,21.8
2014/9/25 2:00,22.5,22.6,235.0,1.11,21.8
2014/9/25 2:00,22.5,22.6,240.0,1.11,22.0
2014/9/25 2:00,22.5,22.6,245.0,1.11,21.7
2014/9/25 2:00,22.5,22.6,250.0,1.11,22.1
2014/9/25 2:00,22.5,22.6,255.0,1.1,22.2
2014/9/25 2:00,22.5,22.6,260.0,1.12,21.9
2014/9/25 2:00,22.5,22.6,265.0,1.1,22.1
2014/9/25 2:00,22.5,22.6,270.0,1.11,22.2
2014/9/25 2:00,22.5,22.6,275.0,1.11,22.1
2014/9/25 2:00,22.5,22.6,280.0,1.11,22.0
2014/9/25 2:00,22.5,22.6,285.0,1.1,21.8
2014/9/25 2:00,22.5,22.6,290.0,1.09,22.1
2014/9/25 2:00,22.5,22.6,295.0,1.11,22.0
2014/9/25 2:00,22.5,22.6,300.0,1.1,21.9
2014/9/25 2:00,22.5,22.6,305.0,1.12,21.8
2014/9/25 2:00,22.5,22.6,310.0,1.11,21.7
2014/9/25 2:00,22.5,22.6,315.0,1.12,21.8
2014/9/25 2:00,22.5,22.6,320.0,1.12,22.1
2014/9/25 2:00,22.5,22.6,325.0,1.11,21.9
2014/9/25 2:00,22.5,22.6,330.0,1.11,22.1
2014/9/25 2:00,22.5,22.6,335.0,1.11,22.1
2014/9/25 2:00,22.5,22.6,340.0,1.12,22.0
2014/9/25 2:00,22.5,22.6,345.0,1.08,22.2
2014/9/25 2:00,22.5,22.6,350.0,1.12,22.1
2014/9/25 2:00,22.5,22.6,355.0,1.11,22.0
2014/9/25 2:00,22.5,22.6,360.0,1.1,22.0
2014/9/25 2:00,22.5,22.6,365.0,1.12,21.9
2014/9/25 2:00,22.5,22.6,370.0,1.1,22.1
2014/9/25 2:00,22.5,22.6,375.0,1.08,21.8
2014/9/25 2:00,22.5,22.6,380.0,1.11,22.1
2014/9/25 2:00,22.5,22.6,385.0,1.09,22.0
2014/9/25 2:00,22.5,22.6,390.0,1.11,21.8
2014/9/25 2:00,22.5,22.6,395.0,1.09,21.9
2014/9/25 2:00,22.5,22.6,400.0,1.11,22.1
2014/9/25 2:05,18.8,18.9,10.0,0.2,18.9
2014/9/25 2:05,18.8,18.9,15.0,0.35,18.3
2014/9/25 2:05,18.8,18.9,20.0,0.46,18.9
2014/9/25 2:05,18.8,18.9,25.0,0.63,18.8
2014/9/25 2:05,18.8,18.9,30.0,0.76,18.3
2014/9/25 2:05,18.8,18.9,35.0,0.91,18.5
2014/9/25 2:05,18.8,18.9,40.0,1.04,18.8
2014/9/25 2:05,18.8,18.9,45.0,1.15,18.8
2014/9/25 2:05,18.8,18.9,50.0,1.13,18.8
2014/9/25 2:05,18.8,18.9,55.0,1.21,18.8
2014/9/25 2:05,18.8,18.9,60.0,1.06,18.8
2014/9/25 2:05,18.8,18.9,65.0,1.23,18.8
2014/9/25 2:05,18.8,18.9,70.0,1.21,18.4
2014/9/25 2:05,18.8,18.9,75.0,1.19,18.8
2014/9/25 2:05,18.8,18.9,80.0,1.11,18.8
2014/9/25 2:05,18.8,18.9,85.0,1.16,18.8
2014/9/25 2:05,18.8,18.8,90.0,1.12,18.5
2014/9/25 2:05,18.8,18.9,95.0,1.13,18.8
2014/9/25 2:05,18.8,18.8,100.0,1.11,18.7
2014/9/25 2:05,18.8,18.9,105.0,1.14,18.8
2014/9/25 2:05,18.8,18.9,110.0,1.08,18.8
2014/9/25 2:05,18.8,18.9,115.0,1.18,18.8
2014/9/25 2:05,18.8,18.9,120.0,1.09,18.8
2014/9/25 2:05,18.8,18.9,125.0,1.17,18.8
2014/9/25 2:05,18.8,18.9,130.0,1.1,18.8
2014/9/25 2:05,18.8,18.9,135.0,1.14,18.8
2014/9/25 2:05,18.8,18.9,140.0,1.08,18.8
2014/9/25 2:05,18.8,18.9,145.0,1.12,18.8
2014/9/25 2:05,18.8,18.9,150.0,1.1,18.8
2014/9/25 2:05,18.8,18.9,155.0,1.14,18.8
2014/9/25 2:05,18.8,18.9,160.0,1.13,18.8
2014/9/25 2:05,18.8,18.9,165.0,1.16,18.8
2014/9/25 2:05,18.8,18.9,170.0,1.11,18.8
2014/9/25 2:05,18.8,18.9,175.0,1.11,18.8
2014/9/25 2:05,18.8,18.9,180.0,1.09,18.8
2014/9/25 2:05,18.8,18.9,185.0,1.14,18.8
2014/9/25 2:05,18.8,18.9,190.0,1.09,18.8
2014/9/25 2:05,18.8,18.9,195.0,1.11,18.8
2014/9/25 2:05,18.8,18.9,200.0,1.1,18.8
2014/9/25 2:05,18.8,18.9,205.0,1.09,18.8
2014/9/25 2:05,18.8,18.9,210.0,1.11,18.8
2014/9/25 2:05,18.8,18.9,215.0,1.14,18.8
2014/9/25 2:05,18.8,18.9,220.0,1.08,18.8
2014/9/25 2:05,18.8,18.8,225.0,1.09,18.2
2014/9/25 2:05,18.8,18.9,230.0,1.13,18.8
2014/9/25 2:05,18.8,18.9,235.0,1.15,18.8
2014/9/25 2:05,18.8,18.9,240.0,1.07,18.8
2014/9/25 2:05,18.8,18.9,245.0,1.16,18.8
2014/9/25 2:05,18.8,18.9,250.0,1.11,18.8
2014/9/25 2:05,18.8,18.9,255.0,1.15,18.8
2014/9/25 2:05,18.8,18.9,260.0,1.11,18.8
2014/9/25 2:05,18.8,18.9,265.0,1.16,18.8
2014/9/25 2:05,18.8,18.9,270.0,1.13,18.8
2014/9/25 2:05,18.8,18.8,275.0,1.06,18.8
2014/9/25 2:05,18.8,18.9,280.0,1.11,18.8
2014/9/25 2:05,18.8,18.9,285.0,1.14,18.8
2014/9/25 2:05,18.8,18.9,290.0,1.13,18.8
2014/9/25 2:05,18.8,18.9,295.0,1.12,18.8
2014/9/25 2:05,18.8,18.9,300.0,1.13,18.8
2014/9/25 2:05,18.8,18.9,305.0,1.1,18.8
2014/9/25 2:05,18.8,18.9,310.0,1.12,18.8
2014/9/25 2:05,18.8,18.9,315.0,1.19,18.8
2014/9/25 2:05,18.8,18.9,320.0,1.13,18.8
2014/9/25 2:05,18.8,18.9,325.0,1.13,18.8
2014/9/25 2:05,18.8,18.9,330.0,1.13,18.8
2014/9/25 2:05,18.8,18.9,335.0,1.18,18.8
2014/9/25 2:05,18.8,18.9,340.0,1.09,18.8
2014/9/25 2:05,18.8,18.9,345.0,1.12,18.8
2014/9/25 2:05,18.8,18.9,350.0,1.12,18.8
2014/9/25 2:05,18.8,18.9,355.0,1.19,18.8
2014/9/25 2:05,18.8,18.9,360.0,1.1,18.8
2014/9/25 2:05,18.8,18.9,365.0,1.15,18.8
2014/9/25 2:05,18.8,18.9,370.0,1.13,18.8
2014/9/25 2:05,18.8,18.9,375.0,1.17,18.8
2014/9/25 2:05,18.8,18.9,380.0,1.12,18.8
2014/9/25 2:05,18.8,18.9,385.0,1.15,18.8
2014/9/25 2:05,18.8,18.9,390.0,1.12,18.8
2014/9/25 2:05,18.8,18.9,395.0,1.13,18.8
2014/9/25 2:05,18.8,18.9,400.0,1.1,18.8
2014/9/25 2:10,20.1,20.2,10.0,0.19,20.2
2014/9/25 2:10,20.1,20.2,15.0,0.32,19.5
2014/9/25 2:10,20.1,20.2,20.0,0.47,20.1
2014/9/25 2:10,20.1,20.2,25.0,0.59,20.2
2014/9/25 2:10,20.1,20.2,30.0,0.73,19.5
2014/9/25 2:10,20.1,20.2,35.0,0.87,19.7
2014/9/25 2:10,20.1,20.2,40.0,0.97,20.1
2014/9/25 2:10,20.1,20.2,45.0,1.1,19.5
2014/9/25 2:10,20.1,20.2,50.0,1.1,20.0
2014/9/25 2:10,20.1,20.2,55.0,1.11,20.0
2014/9/25 2:10,20.1,20.2,60.0,1.11,19.5
2014/9/25 2:10,20.1,20.2,65.0,1.11,19.7
2014/9/25 2:10,20.1,20.2,70.0,1.2,19.4
2014/9/25 2:10,20.1,20.2,75.0,1.11,19.7
2014/9/25 2:10,20.1,20.1,80.0,1.1,19.4
2014/9/25 2:10,20.1,20.2,85.0,1.11,19.7
2014/9/25 2:10,20.1,20.2,90.0,1.11,19.7
2014/9/25 2:10,20.1,20.2,95.0,1.11,20.1
2014/9/25 2:10,20.1,20.2,100.0,1.12,19.7
2014/9/25 2:10,20.1,20.2,105.0,1.1,20.1
2014/9/25 2:10,20.1,20.2,110.0,1.1,19.9
2014/9/25 2:10,20.1,20.2,115.0,1.11,19.8
2014/9/25 2:10,20.1,20.2,120.0,1.11,19.9
2014/9/25 2:10,20.1,20.2,125.0,1.1,19.8
2014/9/25 2:10,20.1,20.2,130.0,1.12,19.7
2014/9/25 2:10,20.1,20.1,135.0,1.12,20.1
2014/9/25 2:10,20.1,20.2,140.0,1.07,20.1
2014/9/25 2:10,20.1,20.2,145.0,1.07,20.1
2014/9/25 2:10,20.1,20.2,150.0,1.11,20.0
2014/9/25 2:10,20.1,20.2,155.0,1.1,20.0
2014/9/25 2:10,20.1,20.2,160.0,1.09,20.0
2014/9/25 2:10,20.1,20.2,165.0,1.11,19.9
2014/9/25 2:10,20.1,20.1,170.0,1.1,19.4
2014/9/25 2:10,20.1,20.2,175.0,1.08,20.1
2014/9/25 2:10,20.1,20.2,180.0,1.1,20.1
2014/9/25 2:10,20.1,20.2,185.0,1.1,19.9
2014/9/25 2:10,20.1,20.2,190.0,1.1,19.9
2014/9/25 2:10,20.1,20.2,195.0,1.08,19.6
2014/9/25 2:10,20.1,20.2,200.0,1.08,20.0
2014/9/25 2:10,20.1,20.2,205.0,1.09,20.0
2014/9/25 2:10,20.1,20.2,210.0,1.08,20.1
2014/9/25 2:10,20.1,20.2,215.0,1.1,19.7
2014/9/25 2:10,20.1,20.2,220.0,1.12,19.8
2014/9/25 2:10,20.1,20.2,225.0,1.1,19.4
2014/9/25 2:10,20.1,20.2,230.0,1.11,19.8
2014/9/25 2:10,20.1,20.2,235.0,1.09,20.0
2014/9/25 2:10,20.1,20.2,240.0,1.09,20.0
2014/9/25 2:10,20.1,20.2,245.0,1.11,20.0
2014/9/25 2:10,20.1,20.2,250.0,1.09,20.1
2014/9/25 2:10,20.1,20.2,255.0,1.11,19.8
2014/9/25 2:10,20.1,20.2,260.0,1.08,20.1
2014/9/25 2:10,20.1,20.2,265.0,1.1,20.0
2014/9/25 2:10,20.1,20.2,270.0,1.07,20.1
2014/9/25 2:10,20.1,20.2,275.0,1.09,19.4
2014/9/25 2:10,20.1,20.2,280.0,1.09,19.9
2014/9/25 2:10,20.1,20.2,285.0,1.1,20.1
2014/9/25 2:10,20.1,20.2,290.0,1.11,19.8
2014/9/25 2:10,20.1,20.2,295.0,1.11,19.7
2014/9/25 2:10,20.1,20.2,300.0,1.08,20.1
2014/9/25 2:10,20.1,20.2,305.0,1.1,20.0
2014/9/25 2:10,20.1,20.2,310.0,1.1,19.8
2014/9/25 2:10,20.1,20.2,315.0,1.1,19.5
2014/9/25 2:10,20.1,20.2,320.0,1.09,19.8
2014/9/25 2:10,20.1,20.2,325.0,1.08,20.1
2014/9/25 2:10,20.1,20.2,330.0,1.08,20.0
2014/9/25 2:10,20.1,20.2,335.0,1.09,19.5
2014/9/25 2:10,20.1,20.2,340.0,1.09,20.1
2014/9/25 2:10,20.1,20.2,345.0,1.11,19.7
2014/9/25 2:10,20.1,20.1,350.0,1.09,20.1
2014/9/25 2:10,20.1,20.2,355.0,1.08,20.0
2014/9/25 2:10,20.1,20.2,360.0,1.07,20.0
2014/9/25 2:10,20.1,20.2,365.0,1.09,19.8
2014/9/25 2:10,20.1,20.2,370.0,1.07,20.1
2014/9/25 2:10,20.1,20.2,375.0,1.11,20.1
2014/9/25 2:10,20.1,20.2,380.0,1.11,19.7
2014/9/25 2:10,20.1,20.2,385.0,1.1,19.8
2014/9/25 2:10,20.1,20.2,390.0,1.1,20.1
2014/9/25 2:10,20.1,20.2,395.0,1.11,20.1
2014/9/25 2:10,20.1,20.2,400.0,1.08,19.9
2014/9/25 2:15,17.2,17.3,10.0,0.21,17.3
2014/9/25 2:15,17.2,17.3,15.0,0.37,16.8
2014/9/25 2:15,17.2,17.3,20.0,0.55,17.2
2014/9/25 2:15,17.2,17.3,25.0,0.67,17.3
2014/9/25 2:15,17.2,17.3,30.0,0.88,16.8
2014/9/25 2:15,17.2,17.3,35.0,0.97,16.9
2014/9/25 2:15,17.2,17.3,40.0,1.21,16.8
2014/9/25 2:15,17.2,17.3,45.0,1.12,16.9
2014/9/25 2:15,17.2,17.3,50.0,1.17,16.8
2014/9/25 2:15,17.2,17.3,55.0,1.13,16.8
2014/9/25 2:15,17.2,17.3,60.0,1.14,16.8
2014/9/25 2:15,17.2,17.3,65.0,1.18,16.9
2014/9/25 2:15,17.2,17.3,70.0,1.21,16.8
2014/9/25 2:15,17.2,17.3,75.0,1.19,16.9
2014/9/25 2:15,17.2,17.3,80.0,1.18,16.8
2014/9/25 2:15,17.2,17.3,85.0,1.17,16.9
2014/9/25 2:15,17.2,17.2,90.0,1.13,16.9
2014/9/25 2:15,17.2,17.3,95.0,1.14,16.9
2014/9/25 2:15,17.2,17.3,100.0,1.1,16.8
2014/9/25 2:15,17.2,17.3,105.0,1.15,16.9
2014/9/25 2:15,17.2,17.3,110.0,1.2,16.8
2014/9/25 2:15,17.2,17.3,115.0,1.19,16.8
2014/9/25 2:15,17.2,17.3,120.0,1.19,16.9
2014/9/25 2:15,17.2,17.3,125.0,1.17,16.9
2014/9/25 2:15,17.2,17.3,130.0,1.15,16.8
2014/9/25 2:15,17.2,17.3,135.0,1.12,16.9
2014/9/25 2:15,17.2,17.3,140.0,1.14,16.9
2014/9/25 2:15,17.2,17.2,145.0,1.08,16.9
2014/9/25 2:15,17.2,17.3,150.0,1.18,16.9
2014/9/25 2:15,17.2,17.3,155.0,1.11,16.9
2014/9/25 2:15,17.2,17.2,160.0,1.11,16.8
2014/9/25 2:15,17.2,17.3,165.0,1.13,16.9
2014/9/25 2:15,17.2,17.3,170.0,1.19,16.9
2014/9/25 2:15,17.2,17.3,175.0,1.19,16.9
2014/9/25 2:15,17.2,17.3,180.0,1.19,16.9
2014/9/25 2:15,17.2,17.3,185.0,1.13,16.8
2014/9/25 2:15,17.2,17.3,190.0,1.17,16.8
2014/9/25 2:15,17.2,17.2,195.0,1.16,16.7
2014/9/25 2:15,17.2,17.3,200.0,1.19,16.9
2014/9/25 2:15,17.2,17.3,205.0,1.19,16.9
2014/9/25 2:15,17.2,17.3,210.0,1.19,16.9
2014/9/25 2:15,17.2,17.3,215.0,1.04,16.9
2014/9/25 2:15,17.2,17.3,220.0,1.17,16.8
2014/9/25 2:15,17.2,17.3,225.0,1.15,16.8
2014/9/25 2:15,17.2,17.3,230.0,1.17,16.8
2014/9/25 2:15,17.2,17.3,235.0,1.14,16.9
2014/9/25 2:15,17.2,17.3,240.0,1.16,16.9
2014/9/25 2:15,17.2,17.3,245.0,1.18,16.9
2014/9/25 2:15,17.2,17.3,250.0,1.21,16.9
2014/9/25 2:15,17.2,17.3,255.0,1.15,16.8
2014/9/25 2:15,17.2,17.3,260.0,1.18,16.9
2014/9/25 2:15,17.2,17.3,265.0,1.18,16.9
2014/9/25 2:15,17.2,17.3,270.0,1.11,16.9
2014/9/25 2:15,17.2,17.3,275.0,1.07,16.9
2014/9/25 2:15,17.2,17.2,280.0,1.13,16.9
2014/9/25 2:15,17.2,17.3,285.0,1.19,16.9
2014/9/25 2:15,17.2,17.3,290.0,1.18,16.9
2014/9/25 2:15,17.2,17.3,295.0,1.17,16.9
2014/9/25 2:15,17.2,17.3,300.0,1.13,16.9
2014/9/25 2:15,17.2,17.3,305.0,1.15,16.8
2014/9/25 2:15,17.2,17.3,310.0,1.2,16.9
2014/9/25 2:15,17.2,17.3,315.0,1.12,16.9
2014/9/25 2:15,17.2,17.3,320.0,1.15,16.8
2014/9/25 2:15,17.2,17.3,325.0,1.17,16.9
2014/9/25 2:15,17.2,17.3,330.0,1.12,16.9
2014/9/25 2:15,17.2,17.3,335.0,1.16,16.7
2014/9/25 2:15,17.2,17.3,340.0,1.18,16.9
2014/9/25 2:15,17.2,17.3,345.0,1.17,16.9
2014/9/25 2:15,17.2,17.3,350.0,1.15,16.8
2014/9/25 2:15,17.2,17.3,355.0,1.17,16.9
2014/9/25 2:15,17.2,17.3,360.0,1.12,16.9
2014/9/25 2:15,17.2,17.3,365.0,1.22,16.8
2014/9/25 2:15,17.2,17.3,370.0,1.19,16.9
2014/9/25 2:15,17.2,17.3,375.0,1.13,16.9
2014/9/25 2:15,17.2,17.2,380.0,1.14,16.9
2014/9/25 2:15,17.2,17.3,385.0,1.17,16.8
2014/9/25 2:15,17.2,17.3,390.0,1.19,16.9
2014/9/25 2:15,17.2,17.3,395.0,1.13,16.9
2014/9/25 2:15,17.2,17.3,400.0,1.11,16.9
2014/9/25 2:20,17.1,17.2,10.0,0.21,17.2
2014/9/25 2:20,17.1,17.1,15.0,0.51,16.5
2014/9/25 2:20,17.1,17.2,20.0,0.52,17.1
2014/9/25 2:20,17.1,17.2,25.0,0.7,17.2
2014/9/25 2:20,17.1,17.2,30.0,0.82,16.7
2014/9/25 2:20,17.1,17.1,35.0,1.0,16.8
2014/9/25 2:20,17.1,17.2,40.0,1.15,16.8
2014/9/25 2:20,17.1,17.2,45.0,1.2,16.8
2014/9/25 2:20,17.1,17.1,50.0,1.23,16.7
2014/9/25 2:20,17.1,17.2,55.0,1.13,16.8
2014/9/25 2:20,17.1,17.2,60.0,1.2,16.8
2014/9/25 2:20,17.1,17.2,65.0,1.19,16.8
2014/9/25 2:20,17.1,17.2,70.0,1.2,16.8
2014/9/25 2:20,17.1,17.2,75.0,1.25,16.8
2014/9/25 2:20,17.1,17.2,80.0,1.14,16.8
2014/9/25 2:20,17.1,17.2,85.0,1.15,16.8
2014/9/25 2:20,17.1,17.2,90.0,1.19,16.8
2014/9/25 2:20,17.1,17.2,95.0,1.14,16.8
2014/9/25 2:20,17.1,17.2,100.0,1.17,16.8
2014/9/25 2:20,17.1,17.2,105.0,1.2,16.8
2014/9/25 2:20,17.1,17.2,110.0,1.2,16.8
2014/9/25 2:20,17.1,17.2,115.0,1.16,16.8
2014/9/25 2:20,17.1,17.2,120.0,1.13,16.8
2014/9/25 2:20,17.1,17.2,125.0,1.2,16.8
2014/9/25 2:20,17.1,17.2,130.0,1.19,16.8
2014/9/25 2:20,17.1,17.2,135.0,1.2,16.8
2014/9/25 2:20,17.1,17.2,140.0,1.22,16.8
2014/9/25 2:20,17.1,17.2,145.0,1.13,16.8
2014/9/25 2:20,17.1,17.1,150.0,1.12,16.8
2014/9/25 2:20,17.1,17.2,155.0,1.21,16.8
2014/9/25 2:20,17.1,17.2,160.0,1.18,16.8
2014/9/25 2:20,17.1,17.2,165.0,1.19,16.8
2014/9/25 2:20,17.1,17.2,170.0,1.19,16.8
2014/9/25 2:20,17.1,17.2,175.0,1.13,16.8
2014/9/25 2:20,17.1,17.2,180.0,1.19,16.8
2014/9/25 2:20,17.1,17.2,185.0,1.22,16.8
2014/9/25 2:20,17.1,17.2,190.0,1.21,16.8
2014/9/25 2:20,17.1,17.2,195.0,1.22,16.8
2014/9/25 2:20,17.1,17.2,200.0,1.17,16.8
2014/9/25 2:20,17.1,17.2,205.0,1.21,16.8
2014/9/25 2:20,17.1,17.1,210.0,1.15,16.8
2014/9/25 2:20,17.1,17.2,215.0,1.04,16.8
2014/9/25 2:20,17.1,17.2,220.0,1.17,16.8
2014/9/25 2:20,17.1,17.2,225.0,1.04,16.8
2014/9/25 2:20,17.1,17.2,230.0,1.2,16.8
2014/9/25 2:20,17.1,17.2,235.0,1.19,16.8
2014/9/25 2:20,17.1,17.2,240.0,1.13,16.8
2014/9/25 2:20,17.1,17.2,245.0,1.14,16.8
2014/9/25 2:20,17.1,17.2,250.0,1.19,16.8
2014/9/25 2:20,17.1,17.2,255.0,1.19,16.8
2014/9/25 2:20,17.1,17.2,260.0,1.2,16.8
2014/9/25 2:20,17.1,17.2,265.0,1.15,16.8
2014/9/25 2:20,17.1,17.2,270.0,1.17,16.8
2014/9/25 2:20,17.1,17.2,275.0,1.13,16.8
2014/9/25 2:20,17.1,17.2,280.0,1.15,16.8
2014/9/25 2:20,17.1,17.2,285.0,1.17,16.8
2014/9/25 2:20,17.1,17.2,290.0,1.13,16.8
2014/9/25 2:20,17.1,17.2,295.0,1.18,16.8
2014/9/25 2:20,17.1,17.2,300.0,1.22,16.8
2014/9/25 2:20,17.1,17.2,305.0,1.21,16.8
2014/9/25 2:20,17.1,17.2,310.0,1.13,16.8
2014/9/25 2:20,17.1,17.2,315.0,1.17,16.8
2014/9/25 2:20,17.1,17.2,320.0,1.21,16.8
2014/9/25 2:20,17.1,17.2,325.0,1.18,16.8
2014/9/25 2:20,17.1,17.2,330.0,1.21,16.8
2014/9/25 2:20,17.1,17.2,335.0,1.21,16.7
2014/9/25 2:20,17.1,17.2,340.0,1.1,16.8
2014/9/25 2:20,17.1,17.2,345.0,1.14,16.8
2014/9/25 2:20,17.1,17.2,350.0,1.12,16.8
2014/9/25 2:20,17.1,17.2,355.0,1.12,16.8
2014/9/25 2:20,17.1,17.2,360.0,1.18,16.8
2014/9/25 2:20,17.1,17.2,365.0,1.18,16.8
2014/9/25 2:20,17.1,17.2,370.0,1.17,16.8
2014/9/25 2:20,17.1,17.1,375.0,1.18,16.8
2014/9/25 2:20,17.1,17.2,380.0,1.12,16.8
2014/9/25 2:20,17.1,17.2,385.0,1.22,16.8
2014/9/25 2:20,17.1,17.2,390.0,1.19,16.8
2014/9/25 2:20,17.1,17.2,395.0,1.2,16.8
2014/9/25 2:20,17.1,17.2,400.0,1.21,16.8
2014/9/25 2:25,14.4,14.5,10.0,0.25,14.5
2014/9/25 2:25,14.4,14.5,15.0,0.54,14.1
2014/9/25 2:25,14.4,14.5,20.0,0.64,14.4
2014/9/25 2:25,14.4,14.5,25.0,0.77,14.5
2014/9/25 2:25,14.4,14.5,30.0,0.97,14.1
2014/9/25 2:25,14.4,14.5,35.0,1.2,14.1
2014/9/25 2:25,14.4,14.5,40.0,1.18,14.1
2014/9/25 2:25,14.4,14.5,45.0,1.24,14.1
2014/9/25 2:25,14.4,14.5,50.0,1.2,14.1
2014/9/25 2:25,14.4,14.4,55.0,1.18,14.1
2014/9/25 2:25,14.4,14.5,60.0,1.21,14.1
2014/9/25 2:25,14.4,14.5,65.0,1.21,14.1
2014/9/25 2:25,14.4,14.4,70.0,1.13,14.1
2014/9/25 2:25,14.4,14.5,75.0,1.17,14.1
2014/9/25 2:25,14.4,14.5,80.0,1.16,14.1
2014/9/25 2:25,14.4,14.5,85.0,1.2,14.1
2014/9/25 2:25,14.4,14.5,90.0,1.22,14.1
2014/9/25 2:25,14.4,14.5,95.0,1.21,14.1
2014/9/25 2:25,14.4,14.5,100.0,1.21,14.1
2014/9/25 2:25,14.4,14.5,105.0,1.21,14.1
2014/9/25 2:25,14.4,14.5,110.0,1.24,14.1
2014/9/25 2:25,14.4,14.5,115.0,1.2,14.1
2014/9/25 2:25,14.4,14.5,120.0,1.2,14.1
2014/9/25 2:25,14.4,14.5,125.0,1.22,14.1
2014/9/25 2:25,14.4,14.5,130.0,1.22,14.1
2014/9/25 2:25,14.4,14.4,135.0,1.18,14.1
2014/9/25 2:25,14.4,14.5,140.0,1.18,14.1
2014/9/25 2:25,14.4,14.5,145.0,1.21,14.1
2014/9/25 2:25,14.4,14.5,150.0,1.17,14.1
2014/9/25 2:25,14.4,14.5,155.0,1.2,14.1
2014/9/25 2:25,14.4,14.4,160.0,1.17,14.1
2014/9/25 2:25,14.4,14.5,165.0,1.22,14.1
2014/9/25 2:25,14.4,14.5,170.0,1.2,14.1
2014/9/25 2:25,14.4,14.5,175.0,1.19,14.1
2014/9/25 2:25,14.4,14.5,180.0,1.17,14.1
2014/9/25 2:25,14.4,14.5,185.0,1.22,14.1
2014/9/25 2:25,14.4,14.5,190.0,1.23,14.1
2014/9/25 2:25,14.4,14.5,195.0,1.22,14.1
2014/9/25 2:25,14.4,14.5,200.0,1.19,14.1
2014/9/25 2:25,14.4,14.5,205.0,1.21,14.1
2014/9/25 2:25,14.4,14.5,210.0,1.18,14.1
2014/9/25 2:25,14.4,14.5,215.0,1.21,14.1
2014/9/25 2:25,14.4,14.5,220.0,1.23,14.1
2014/9/25 2:25,14.4,14.5,225.0,1.23,14.1
2014/9/25 2:25,14.4,14.5,230.0,1.18,14.1
2014/9/25 2:25,14.4,14.4,235.0,1.16,14.1
2014/9/25 2:25,14.4,14.5,240.0,1.17,14.1
2014/9/25 2:25,14.4,14.5,245.0,1.2,14.1
2014/9/25 2:25,14.4,14.4,250.0,1.12,14.1
2014/9/25 2:25,14.4,14.5,255.0,1.18,14.1
2014/9/25 2:25,14.4,14.5,260.0,1.21,14.1
2014/9/25 2:25,14.4,14.5,265.0,1.21,14.1
2014/9/25 2:25,14.4,14.5,270.0,1.17,14.1
2014/9/25 2:25,14.4,14.5,275.0,1.21,14.1
2014/9/25 2:25,14.4,14.5,280.0,1.19,14.1
2014/9/25 2:25,14.4,14.5,285.0,1.24,14.1
2014/9/25 2:25,14.4,14.5,290.0,1.22,14.1
2014/9/25 2:25,14.4,14.5,295.0,1.21,14.1
2014/9/25 2:25,14.4,14.5,300.0,1.22,14.1
2014/9/25 2:25,14.4,14.5,305.0,1.22,14.1
2014/9/25 2:25,14.4,14.5,310.0,1.22,14.1
2014/9/25 2:25,14.4,14.5,315.0,1.22,14.1
2014/9/25 2:25,14.4,14.4,320.0,1.19,14.1
2014/9/25 2:25,14.4,14.4,325.0,1.17,14.1
2014/9/25 2:25,14.4,14.5,330.0,1.19,14.1
2014/9/25 2:25,14.4,14.5,335.0,1.21,14.1
2014/9/25 2:25,14.4,14.5,340.0,1.23,14.1
2014/9/25 2:25,14.4,14.5,345.0,1.2,14.1
2014/9/25 2:25,14.4,14.5,350.0,1.19,14.1
2014/9/25 2:25,14.4,14.4,355.0,1.18,14.1
2014/9/25 2:25,14.4,14.5,360.0,1.22,14.1
2014/9/25 2:25,14.4,14.4,365.0,1.16,14.1
2014/9/25 2:25,14.4,14.4,370.0,1.16,14.1
2014/9/25 2:25,14.4,14.5,375.0,1.2,14.1
2014/9/25 2:25,14.4,14.5,380.0,1.19,14.1
2014/9/25 2:25,14.4,14.5,385.0,1.21,14.1
2014/9/25 2:25,14.4,14.5,390.0,1.18,14.1
2014/9/25 2:25,14.4,14.5,395.0,1.22,14.1
2014/9/25 2:25,14.4,14.5,400.0,1.17,14.1
2014/9/25 2:30,15.7,15.8,10.0,0.24,15.8
2014/9/25 2:30,15.7,15.7,15.0,0.56,15.3
2014/9/25 2:30,15.7,15.8,20.0,0.57,15.7
2014/9/25 2:30,15.7,15.8,25.0,0.74,15.7
2014/9/25 2:30,15.7,15.8,30.0,0.91,15.4
2014/9/25 2:30,15.7,15.8,35.0,1.09,15.6
2014/9/25 2:30,15.7,15.8,40.0,1.11,15.6
2014/9/25 2:30,15.7,15.8,45.0,1.08,15.5
2014/9/25 2:30,15.7,15.8,50.0,1.09,15.5
2014/9/25 2:30,15.7,15.8,55.0,1.08,15.6
2014/9/25 2:30,15.7,15.7,60.0,1.14,15.4
2014/9/25 2:30,15.7,15.8,65.0,1.11,15.5
2014/9/25 2:30,15.7,15.8,70.0,1.12,15.5
2014/9/25 2:30,15.7,15.8,75.0,1.09,15.5
2014/9/25 2:30,15.7,15.8,80.0,1.12,15.6
2014/9/25 2:30,15.7,15.8,85.0,1.11,15.6
2014/9/25 2:30,15.7,15.8,90.0,1.07,15.4
2014/9/25 2:30,15.7,15.8,95.0,1.11,15.5
2014/9/25 2:30,15.7,15.8,100.0,1.1,15.5
2014/9/25 2:30,15.7,15.8,105.0,1.11,15.5
2014/9/25 2:30,15.7,15.8,110.0,1.06,15.7
2014/9/25 2:30,15.7,15.8,115.0,1.1,15.5
2014/9/25 2:30,15.7,15.7,120.0,1.11,15.5
2014/9/25 2:30,15.7,15.8,125.0,1.08,15.5
2014/9/25 2:30,15.7,15.8,130.0,1.08,15.5
2014/9/25 2:30,15.7,15.8,135.0,1.1,15.5
2014/9/25 2:30,15.7,15.8,140.0,1.1,15.5
2014/9/25 2:30,15.7,15.8,145.0,1.07,15.4
2014/9/25 2:30,15.7,15.8,150.0,1.1,15.5
2014/9/25 2:30,15.7,15.8,155.0,1.08,15.5
2014/9/25 2:30,15.7,15.8,160.0,1.11,15.5
2014/9/25 2:30,15.7,15.8,165.0,1.11,15.5
2014/9/25 2:30,15.7,15.8,170.0,1.09,15.5
2014/9/25 2:30,15.7,15.8,175.0,1.06,15.4
2014/9/25 2:30,15.7,15.8,180.0,1.1,15.5
2014/9/25 2:30,15.7,15.8,185.0,1.09,15.5
2014/9/25 2:30,15.7,15.8,190.0,1.11,15.5
2014/9/25 2:30,15.7,15.8,195.0,1.08,15.5
2014/9/25 2:30,15.7,15.8,200.0,1.1,15.5
2014/9/25 2:30,15.7,15.7,205.0,1.11,15.7
2014/9/25 2:30,15.7,15.8,210.0,1.1,15.5
2014/9/25 2:30,15.7,15.8,215.0,1.09,15.5
2014/9/25 2:30,15.7,15.8,220.0,1.1,15.5
2014/9/25 2:30,15.7,15.8,225.0,1.09,15.5
2014/9/25 2:30,15.7,15.8,230.0,1.08,15.6
2014/9/25 2:30,15.7,15.8,235.0,1.09,15.5
2014/9/25 2:30,15.7,15.8,240.0,1.07,15.6
2014/9/25 2:30,15.7,15.8,245.0,1.11,15.5
2014/9/25 2:30,15.7,15.8,250.0,1.1,15.5
2014/9/25 2:30,15.7,15.8,255.0,1.11,15.5
2014/9/25 2:30,15.7,15.8,260.0,1.09,15.5
2014/9/25 2:30,15.7,15.8,265.0,1.08,15.4
2014/9/25 2:30,15.7,15.7,270.0,1.14,15.6
2014/9/25 2:30,15.7,15.8,275.0,1.07,15.5
2014/9/25 2:30,15.7,15.8,280.0,1.1,15.5
2014/9/25 2:30,15.7,15.8,285.0,1.09,15.5
2014/9/25 2:30,15.7,15.8,290.0,1.08,15.5
2014/9/25 2:30,15.7,15.8,295.0,1.11,15.5
2014/9/25 2:30,15.7,15.8,300.0,1.08,15.5
2014/9/25 2:30,15.7,15.8,305.0,1.11,15.5
2014/9/25 2:30,15.7,15.8,310.0,1.1,15.5
2014/9/25 2:30,15.7,15.8,315.0,1.08,15.4
2014/9/25 2:30,15.7,15.8,320.0,1.08,15.5
2014/9/25 2:30,15.7,15.8,325.0,1.11,15.5
2014/9/25 2:30,15.7,15.8,330.0,1.09,15.5
2014/9/25 2:30,15.7,15.7,335.0,1.1,15.6
2014/9/25 2:30,15.7,15.8,340.0,1.07,15.5
2014/9/25 2:30,15.7,15.8,345.0,1.09,15.5
2014/9/25 2:30,15.7,15.8,350.0,1.08,15.5
2014/9/25 2:30,15.7,15.8,355.0,1.08,15.5
2014/9/25 2:30,15.7,15.8,360.0,1.07,15.4
2014/9/25 2:30,15.7,15.8,365.0,1.06,15.5
2014/9/25 2:30,15.7,15.8,370.0,1.09,15.5
2014/9/25 2:30,15.7,15.8,375.0,1.1,15.5
2014/9/25 2:30,15.7,15.8,380.0,1.09,15.5
2014/9/25 2:30,15.7,15.8,385.0,1.1,15.5
2014/9/25 2:30,15.7,15.8,390.0,1.07,15.6
2014/9/25 2:30,15.7,15.8,395.0,1.08,15.5
2014/9/25 2:30,15.7,15.8,400.0,1.07,15.7
